State Name , PC NAME , CANDIDATES NAME , SEX , AGE , CATEGORY , PARTY NAME , PARTY SYMBOL ,GENERAL , POSTAL , TOTAL ,OVER TOTAL ELECTORS IN CONSTITUENCY,OVER TOTAL VOTES POLLED IN CONSTITUENCY,Total Electors
Tamil Nadu,Perambalur,"Dr.PAARIVENDHAR, T. R",MALE,77,GENERAL,DMK,Rising Sun,677005,6692,683697,49.12135118,61.97623192,1391853
Tamil Nadu,Dharmapuri,DNV SENTHILKUMAR. S.,MALE,41,GENERAL,DMK,Rising Sun,568310,6678,574988,38.69877857,46.95830424,1485804
Tamil Nadu,Virudhunagar,"MANICKAM TAGORE, B.",MALE,44,GENERAL,INC,Hand,464667,6216,470883,31.72518757,43.76537048,1484256
Tamil Nadu,Tenkasi ,DHANUSH.M.KUMAR,MALE,44,SC,DMK,Rising Sun,470346,5810,476156,31.90716182,44.667207,1492317
Tamil Nadu,Tiruchirappalli,Thirunavukkarasar. SU,MALE,69,GENERAL,INC,Hand,615667,5618,621285,41.17297773,59.23888636,1508963
Tamil Nadu,Arakkonam,S. JAGATHRAKSHAKAN,MALE,71,GENERAL,DMK,Rising Sun,666688,5502,672190,44.81218867,56.97916102,1500016
Tamil Nadu,Tirunelveli,GNANATHIRAVIAM S,MALE,54,GENERAL,DMK,Rising Sun,517589,5404,522993,33.78944308,50.26893761,1547800
Tamil Nadu,Thanjavur,"PALANIMANICKAM,S.S.",MALE,68,GENERAL,DMK,Rising Sun,583621,5357,588978,40.31191224,55.56123662,1461052
Tamil Nadu,Kallakurichi,Gautham Sigamani Pon,MALE,44,GENERAL,DMK,Rising Sun,716961,4752,721713,47.20354913,59.89642595,1528938
Tamil Nadu,Erode,GANESHAMURTHI A,MALE,72,GENERAL,DMK,Rising Sun,558929,4662,563591,38.54283069,52.72118039,1462246
Tamil Nadu,Tiruvannamalai,ANNADURAI C N,MALE,45,GENERAL,DMK,Rising Sun,661719,4553,666272,45.20586052,57.84660585,1473862
Tamil Nadu,Arani,VISHNU PRASAD M K,MALE,46,GENERAL,INC,Hand,613390,4370,617760,42.62912742,53.9567497,1449150
Tamil Nadu,Karur,Jothimani S,FEMALE,43,GENERAL,INC,Hand,691518,4179,695697,50.14805887,63.03630243,1387286
Tamil Nadu,Kancheepuram ,Selvam.G,MALE,44,SC,DMK,Rising Sun,680087,3917,684004,41.60628519,55.24367649,1643992
Tamil Nadu,Salem,PARTHIBAN.S.R,MALE,49,GENERAL,DMK,Rising Sun,602453,3849,606302,37.59984422,48.25977251,1612512
Tamil Nadu,Mayiladuthurai,RAMALINGAM. S,MALE,74,GENERAL,DMK,Rising Sun,595845,3447,599292,40.3606579,54.59126601,1484842
Tamil Nadu,Coimbatore,NATARAJAN. P.R,MALE,68,GENERAL,CPM,"Hammer, Sickle and Star",567741,3409,571150,29.15661002,45.65806692,1958904
Tamil Nadu,Pollachi,SHANMUGA SUNDARAM. K,MALE,49,GENERAL,DMK,Rising Sun,550905,3325,554230,36.45041381,51.22803839,1520504
Tamil Nadu,Nagapattinam ,SELVARAJ M,MALE,63,SC,CPI,Ears of Corn And Sickle,519596,3296,522892,40.1098762,52.13696008,1303649
Tamil Nadu,Dharmapuri,ANBUMANI RAMADOSS,MALE,50,GENERAL,PMK,Mango,501013,3222,504235,33.93684497,41.18002556,1485804
Tamil Nadu,Thiruvallur ,Dr.K.Jayakumar,MALE,69,SC,INC,Hand,764093,3199,767292,39.41156831,54.48491584,1946870
Tamil Nadu,Tiruppur,"SUBBARAYAN, K.",MALE,71,GENERAL,CPI,Ears of Corn And Sickle,505793,2932,508725,33.24969575,45.41810368,1530014
Tamil Nadu,Namakkal,CHINRAJ A.K.P,MALE,54,GENERAL,DMK,Rising Sun,623370,2923,626293,44.3048559,55.22943886,1413599
Tamil Nadu,Madurai,VENKATESAN S,MALE,49,GENERAL,CPM,"Hammer, Sickle and Star",444152,2923,447075,29.04921684,43.95490413,1539026
Tamil Nadu,Viluppuram,RAVIKUMAR D,MALE,58,SC,DMK,Rising Sun,556675,2910,559585,38.74343556,49.25499385,1444335
Tamil Nadu,Thoothukkudi,KANIMOZHI KARUNANIDHI,FEMALE,51,GENERAL,DMK,Rising Sun,560345,2798,563143,39.44177792,56.77033611,1427783
Tamil Nadu,Dindigul,"VELUSAMY, P.",MALE,52,GENERAL,DMK,Rising Sun,743813,2710,746523,48.41638233,64.30382167,1541881
Tamil Nadu,Kanniyakumari,RADHAKRISHNAN. P,MALE,67,GENERAL,BJP,Lotus,364598,2704,367302,24.46641132,35.00024299,1501250
Tamil Nadu,Kanniyakumari,Vasanthakumar. H,MALE,68,GENERAL,INC,Hand,624627,2608,627235,41.78084929,59.76928362,1501250
Tamil Nadu,Cuddalore ,T. R. V .S. RAMESH,MALE,48,GENERAL,DMK,Rising Sun,519594,2566,522160,38.28045846,50.04504591,1364038
Tamil Nadu,Sriperumbudur,Baalu.T.R.,MALE,77,GENERAL,DMK,Rising Sun,790750,2531,793281,35.20298671,56.37489314,2253448
Tamil Nadu,Nilgiris ,"RAJA, A.",MALE,55,SC,DMK,Rising Sun,545463,2369,547832,40.10307014,54.18451529,1366060
Tamil Nadu,Ramanathapuram,K. NAVASKANI,MALE,39,GENERAL,IUML,Ladder,467585,2358,469943,30.12957288,44.04657131,1559740
Tamil Nadu,Theni ,"ELANGOVAN, E.V.K.S.",MALE,70,GENERAL,INC,Hand,425785,2335,428120,27.42530621,36.43549661,1561040
Tamil Nadu,Sivaganga,KARTI P CHIDAMBARAM,MALE,47,GENERAL,INC,Hand,564002,2102,566104,36.47532666,52.18000453,1552019
Tamil Nadu,Chennai North,Dr. KALANIDHI VEERASWAMY,MALE,49,GENERAL,DMK,Rising Sun,589034,1952,590986,39.72531746,61.82308137,1487681
Tamil Nadu,Krishnagiri,Dr.A.CHELLAKUMAR,MALE,58,GENERAL,INC,Hand,609396,1902,611298,39.94357046,52.59504437,1530404
Tamil Nadu,Tiruvannamalai,AGRI KRISHNAMURTHY S S,MALE,59,GENERAL,ADMK,Two Leaves,360256,1829,362085,24.56708973,31.43669294,1473862
Tamil Nadu,Chidambaram ,THIRUMAAVALAVAN THOL,MALE,56,SC,VCK,Pot,498401,1828,500229,33.79418763,43.33774887,1480222
Tamil Nadu,Chennai central,DAYANIDHI MARAN,MALE,52,GENERAL,DMK,Rising Sun,447150,1761,448911,33.69443819,57.13102142,1332300
Tamil Nadu,Arakkonam,A.K. MOORTHY,MALE,55,GENERAL,PMK,Mango,341527,1707,343234,22.88202259,29.0947282,1500016
Tamil Nadu,Arani,ELUMALAI V,MALE,63,GENERAL,ADMK,Two Leaves,385294,1660,386954,26.70213573,33.79755912,1449150
Tamil Nadu,Tenkasi ,Dr.KRISHNASAMY.K,MALE,66,SC,ADMK,Two Leaves,353735,1654,355389,23.81457827,33.33830515,1492317
Tamil Nadu,Chennai South,T.SUMATHY (A) THAMIZHACHI THANGAPANDIAN,FEMALE,56,GENERAL,DMK,Rising Sun,563240,1632,564872,28.62237419,50.15106438,1973533
Tamil Nadu,Chidambaram ,CHANDRASEKAR P,MALE,46,SC,ADMK,Two Leaves,495432,1578,497010,33.57672025,43.05886817,1480222
Tamil Nadu,Cuddalore ,Dr. R. GOVINDASAMY,MALE,69,GENERAL,PMK,Mango,376628,1549,378177,27.72481412,36.24537561,1364038
Tamil Nadu,Ramanathapuram,NAINAR NAGENTHRAN,MALE,59,GENERAL,BJP,Lotus,341304,1517,342821,21.97936836,32.13174709,1559740
Tamil Nadu,Thoothukkudi,DR. TAMILISAI SOUNDARARAJAN,FEMALE,57,GENERAL,BJP,Lotus,214497,1437,215934,15.12372678,21.76826447,1427783
Tamil Nadu,Viluppuram,VADIVEL RAVANAN S,MALE,66,SC,PMK,Mango,430091,1426,431517,29.87651757,37.98237476,1444335
Tamil Nadu,Theni ,"RAVEENDRANATH KUMAR, P",MALE,39,GENERAL,ADMK,Two Leaves,503459,1354,504813,32.33824886,42.962516,1561040
Tamil Nadu,Virudhunagar,"ALAGARSAMY, R.",MALE,47,GENERAL,DMDK,Nagara,315055,1274,316329,21.31229384,29.40062792,1484256
Tamil Nadu,Salem,SARAVANAN.K.R.S,MALE,44,GENERAL,ADMK,Two Leaves,458118,1258,459376,28.4882221,36.56491527,1612512
Tamil Nadu,Tirunelveli,PAUL MANOJ PANDIAN,MALE,47,GENERAL,ADMK,Two Leaves,336070,1203,337273,21.79047681,32.41793943,1547800
Tamil Nadu,Coimbatore,RADHAKRISHNAN. C.P,MALE,61,GENERAL,BJP,Lotus,390823,1184,392007,20.01154727,31.33727014,1958904
Tamil Nadu,Krishnagiri,K.P.MUNUSAMY,MALE,67,GENERAL,ADMK,Two Leaves,453388,1145,454533,29.70019681,39.10724933,1530404
Tamil Nadu,Thiruvallur ,Dr.P.Venugopal,MALE,66,SC,ADMK,Two Leaves,409274,1063,410337,21.07675397,29.13776881,1946870
Tamil Nadu,Tenkasi ,PONNUTHAI. S,FEMALE,32,SC,IND,Gift Pack,91130,986,92116,6.17268315,8.641210948,1492317
Tamil Nadu,Kancheepuram ,Maragatham K,FEMALE,36,SC,ADMK,Two Leaves,396432,940,397372,24.17116385,32.09380386,1643992
Tamil Nadu,Theni ,THANGA TAMILSELVAN,MALE,58,GENERAL,IND,Gift Pack,143173,877,144050,9.227822477,12.259491,1561040
Tamil Nadu,Pollachi,MAHENDRAN. C,MALE,47,GENERAL,ADMK,Two Leaves,377546,801,378347,24.88299932,34.97099515,1520504
Tamil Nadu,Kallakurichi,Sudhish L K,MALE,51,GENERAL,DMDK,Nagara,321004,790,321794,21.0468966,26.70633686,1528938
Tamil Nadu,Dindigul,"JOTHIMUTHU, K.",MALE,48,GENERAL,PMK,Mango,206782,769,207551,13.46089614,17.87797897,1541881
Tamil Nadu,Perambalur,"SIVAPATHY, N.R",MALE,55,GENERAL,ADMK,Two Leaves,279439,740,280179,20.12992751,25.39785707,1391853
Tamil Nadu,Karur,Thambidurai M,MALE,73,GENERAL,ADMK,Two Leaves,274455,696,275151,19.83376175,24.93111462,1387286
Tamil Nadu,Sriperumbudur,Vaithilingam A,MALE,49,GENERAL,PMK,Mango,284673,653,285326,12.66175212,20.27682846,2253448
Tamil Nadu,Madurai,RAJ SATYEN V.V.R,MALE,36,GENERAL,ADMK,Two Leaves,307033,647,307680,19.99186498,30.2500585,1539026
Tamil Nadu,Erode,MANIMARAN G,MALE,52,GENERAL,ADMK,Two Leaves,352330,643,352973,24.13909835,33.01889705,1462246
Tamil Nadu,Tiruchirappalli,DR.Elangovan. V,MALE,70,GENERAL,DMDK,Nagara,161379,620,161999,10.73578345,15.44643819,1508963
Tamil Nadu,Ramanathapuram,"V.D.N. ANANDH. B.E.,",MALE,38,GENERAL,IND,Gift Pack,141195,611,141806,9.091643479,13.29111848,1559740
Tamil Nadu,Namakkal,KALIAPPAN P,MALE,70,GENERAL,ADMK,Two Leaves,360541,601,361142,25.54769776,31.84718656,1413599
Tamil Nadu,Tenkasi ,MATHIVANAN.S.S,MALE,32,SC,NTK,Ganna Kisan,58855,590,59445,3.98340299,5.576412185,1492317
Tamil Nadu,Virudhunagar,"PARAMASIVA IYYAPPAN, S.",MALE,45,GENERAL,IND,Gift Pack,107033,582,107615,7.250433887,10.00208193,1484256
Tamil Nadu,Chennai central,SAM PAUL. S.R.,MALE,41,GENERAL,PMK,Mango,146813,578,147391,11.06289875,18.7578348,1332300
Tamil Nadu,Tiruppur,"ANANDAN, M.S.M.",MALE,56,GENERAL,ADMK,Two Leaves,414782,575,415357,27.14726793,37.08236727,1530014
Tamil Nadu,Sivaganga,H.RAJA,MALE,61,GENERAL,BJP,Lotus,233295,565,233860,15.0681145,21.55578456,1552019
Tamil Nadu,Mayiladuthurai,ASAIMANI. S,MALE,64,GENERAL,ADMK,Two Leaves,337448,530,337978,22.76188308,30.78740731,1484842
Tamil Nadu,Nagapattinam ,SARAVANAN M,MALE,41,SC,ADMK,Two Leaves,311014,525,311539,23.89746013,31.06319547,1303649
Tamil Nadu,Dharmapuri,PALANIAPPAN. P.,MALE,57,GENERAL,IND,Gift Pack,53155,500,53655,3.611176171,4.381913734,1485804
Tamil Nadu,Chennai South,Dr.J.JAYAVARDHAN,MALE,31,GENERAL,ADMK,Two Leaves,302152,497,302649,15.3353909,26.87010417,1973533
Tamil Nadu,Thanjavur,"MURUGESAN, P.",MALE,62,GENERAL,IND,Gift Pack,102418,453,102871,7.040885608,9.704335259,1461052
Tamil Nadu,Virudhunagar,"ARULMOZHITHEVAN, K.",MALE,36,GENERAL,NTK,Ganna Kisan,52591,449,53040,3.573507535,4.929707062,1484256
Tamil Nadu,Tirunelveli,MICHAEL RAYAPPAN S,MALE,55,GENERAL,IND,Gift Pack,61786,449,62235,4.020868329,5.981891406,1547800
Tamil Nadu,Thanjavur,"NATARAJAN,N.R .",MALE,52,GENERAL,TMC(M),Auto- Rickshaw,220417,432,220849,15.11575221,20.83378929,1461052
Tamil Nadu,Madurai,DAVID ANNADURAI K,MALE,42,GENERAL,IND,Gift Pack,85318,429,85747,5.571510813,8.430355454,1539026
Tamil Nadu,Theni ,SHAGUL HAMEED,MALE,59,GENERAL,NTK,Ganna Kisan,27438,426,27864,1.78496387,2.37138811,1561040
Tamil Nadu,Tiruchirappalli,Sarubala. R. Thondaiman,FEMALE,60,GENERAL,IND,Gift Pack,100399,419,100818,6.681277142,9.612892707,1508963
Tamil Nadu,Thoothukkudi,"CHRISTANTINE RAJASEKAR, S.",MALE,55,GENERAL,NTK,Ganna Kisan,48814,408,49222,3.447442644,4.96206023,1427783
Tamil Nadu,Tirunelveli,SATHYA B,FEMALE,41,GENERAL,NTK,Ganna Kisan,49528,407,49935,3.226192014,4.799642442,1547800
Tamil Nadu,Chennai North,ALAGAAPURAM R. MOHANRAJ,MALE,65,GENERAL,DMDK,Nagara,129076,392,129468,8.702672145,13.54365535,1487681
Tamil Nadu,Dindigul,"MANSOORALI KHAN, A.",MALE,56,GENERAL,NTK,Ganna Kisan,54574,383,54957,3.564282847,4.733873073,1541881
Tamil Nadu,Nilgiris ,"THIYAGARAJAN, M.",MALE,59,SC,ADMK,Two Leaves,341649,360,342009,25.03616239,33.82714389,1366060
Tamil Nadu,Perambalur,"SHANTHI, K.",FEMALE,36,GENERAL,NTK,Ganna Kisan,53229,316,53545,3.847029823,4.853783676,1391853
Tamil Nadu,Virudhunagar,"MUNIYASAMY, V.",MALE,41,GENERAL,MNM,Battery Torch,56815,314,57129,3.848999094,5.309751786,1484256
Tamil Nadu,Tiruchirappalli,Vinoth. V,MALE,33,GENERAL,NTK,Ganna Kisan,64979,307,65286,4.326547437,6.224953017,1508963
Tamil Nadu,Thoothukkudi,"Dr. BHUVANESWARAN, M.",MALE,52,GENERAL,IND,Gift Pack,76569,297,76866,5.383591204,7.748846484,1427783
Tamil Nadu,Coimbatore,MAHENDRAN. R,MALE,55,GENERAL,MNM,Battery Torch,144808,296,145104,7.407407407,11.5996991,1958904
Tamil Nadu,Arakkonam,Y.R. PAVENDHAN,MALE,40,GENERAL,NTK,Ganna Kisan,29065,282,29347,1.956445798,2.487641051,1500016
Tamil Nadu,Ramanathapuram,T. BHUVANESWARI,FEMALE,37,GENERAL,NTK,Ganna Kisan,46125,260,46385,2.973893085,4.34754898,1559740
Tamil Nadu,Kanniyakumari,JAINTEEN. V,MALE,41,GENERAL,NTK,Ganna Kisan,16810,259,17069,1.136985845,1.626506656,1501250
Tamil Nadu,Arani,TAMIZHARASI A,FEMALE,37,GENERAL,NTK,Ganna Kisan,32151,258,32409,2.23641445,2.830685543,1449150
Tamil Nadu,Sivaganga,V.SAKTHI PRIYA,FEMALE,27,GENERAL,NTK,Ganna Kisan,71991,249,72240,4.654582193,6.658641394,1552019
Tamil Nadu,Tiruvannamalai,RAMESHBABU R,MALE,41,GENERAL,NTK,Ganna Kisan,27258,245,27503,1.866049874,2.387846406,1473862
Tamil Nadu,Krishnagiri,MADHUSOODHANAN.N,MALE,37,GENERAL,NTK,Ganna Kisan,27757,243,28000,1.829582254,2.409072567,1530404
Tamil Nadu,Nagapattinam ,MALATHI P,FEMALE,25,SC,NTK,Ganna Kisan,51207,241,51448,3.946461049,5.129820923,1303649
Tamil Nadu,Arakkonam,N.G. PARTHIBAN,MALE,43,GENERAL,IND,Gift Pack,66595,231,66826,4.455019146,5.664602886,1500016
Tamil Nadu,Sivaganga,V.PANDI,MALE,43,GENERAL,IND,Gift Pack,122325,209,122534,7.895135304,11.29443473,1552019
Tamil Nadu,Madurai,ALAGAR M,MALE,52,GENERAL,MNM,Battery Torch,84842,206,85048,5.526092477,8.361632135,1539026
Tamil Nadu,Virudhunagar,NOTA,,,,NOTA,,17087,205,17292,1.165028135,1.607173728,1484256
Tamil Nadu,Chennai central,KAMEELA NASSER,FEMALE,54,GENERAL,MNM,Battery Torch,92047,202,92249,6.924041132,11.74014358,1332300
Tamil Nadu,Dindigul,"SUTHAKARAN, S. Dr.",MALE,52,GENERAL,MNM,Battery Torch,38586,198,38784,2.515369215,3.340767022,1541881
Tamil Nadu,Dharmapuri,RUKMANIDEVI. R.,FEMALE,30,GENERAL,NTK,Ganna Kisan,19483,191,19674,1.324131581,1.606742537,1485804
Tamil Nadu,Salem,PRABHU MANIKANDAN.M,MALE,28,GENERAL,MNM,Battery Torch,58472,190,58662,3.637926415,4.669314591,1612512
Tamil Nadu,Chennai North,A. G. MOURYA,MALE,62,GENERAL,MNM,Battery Torch,102980,187,103167,6.934752813,10.79230614,1487681
Tamil Nadu,Thanjavur,"KRISHNAKUMAR,N.",MALE,44,GENERAL,NTK,Ganna Kisan,57740,184,57924,3.964540619,5.464260244,1461052
Tamil Nadu,Madurai,PANDIAMMAL J,FEMALE,38,GENERAL,NTK,Ganna Kisan,42721,180,42901,2.787542251,4.217881434,1539026
Tamil Nadu,Tenkasi ,MUNESHWARAN. K,MALE,44,SC,MNM,Battery Torch,23844,179,24023,1.609778619,2.253547816,1492317
Tamil Nadu,Thiruvallur ,Logarangan.M,MALE,35,SC,MNM,Battery Torch,73555,176,73731,3.787155794,5.235591313,1946870
Tamil Nadu,Arakkonam,"RAJENDRAN, N.",MALE,61,GENERAL,MNM,Battery Torch,23598,173,23771,1.58471643,2.014983318,1500016
Tamil Nadu,Theni ,"RADHAKRISHNAN, S.",MALE,51,GENERAL,MNM,Battery Torch,16708,171,16879,1.081266335,1.436500858,1561040
Tamil Nadu,Kancheepuram ,Sivaranjani.D,FEMALE,26,SC,NTK,Ganna Kisan,62607,164,62771,3.818205928,5.069708389,1643992
Tamil Nadu,Arakkonam,NOTA,,,,NOTA,,12015,164,12179,0.811924673,1.032370612,1500016
Tamil Nadu,Tiruchirappalli,Anandharaja. V,MALE,53,GENERAL,MNM,Battery Torch,41970,164,42134,2.792248717,4.017433606,1508963
Tamil Nadu,Thiruvallur ,M.VETRISELVI,FEMALE,42,SC,NTK,Ganna Kisan,65254,162,65416,3.360059994,4.645148463,1946870
Tamil Nadu,Erode,SEETHALAKSHMI M K,FEMALE,43,GENERAL,NTK,Ganna Kisan,38849,161,39010,2.66781376,3.649194623,1462246
Tamil Nadu,Tirunelveli,VENNIMALAI M,MALE,53,GENERAL,MNM,Battery Torch,22959,161,23120,1.49373304,2.222243582,1547800
Tamil Nadu,Dindigul,"JOTHI MURUGAN,P.",MALE,42,GENERAL,IND,Gift Pack,62719,156,62875,4.077811452,5.415911885,1541881
Tamil Nadu,Thoothukkudi,"SUBHASHINI MALLATHI, R.C.",FEMALE,39,SC,IND,Matchbox,7953,156,8109,0.567943448,0.81746671,1427783
Tamil Nadu,Tenkasi ,NOTA,,,,NOTA,,13900,156,14056,0.941891033,1.318564213,1492317
Tamil Nadu,Salem,RASA.A,MALE,57,GENERAL,NTK,Ganna Kisan,33741,149,33890,2.101689786,2.697539659,1612512
Tamil Nadu,Pollachi,MOOKAMBIKA. R,FEMALE,40,GENERAL,MNM,Battery Torch,59545,148,59693,3.925869317,5.51748425,1520504
Tamil Nadu,Erode,SARAVANAKUMAR A,MALE,43,GENERAL,MNM,Battery Torch,47574,145,47719,3.263404379,4.46387896,1462246
Tamil Nadu,Karur,Karuppaiya R,MALE,53,GENERAL,NTK,Ganna Kisan,38399,144,38543,2.778302383,3.492336757,1387286
Tamil Nadu,Kallakurichi,Sharfudeen S,MALE,40,GENERAL,NTK,Ganna Kisan,30103,143,30246,1.978235874,2.510176898,1528938
Tamil Nadu,Sriperumbudur,Sridhar M,MALE,46,GENERAL,MNM,Battery Torch,135383,142,135525,6.014117033,9.631148852,2253448
Tamil Nadu,Tiruvannamalai,ARUL R,MALE,44,GENERAL,MNM,Battery Torch,14512,142,14654,0.994258621,1.272279433,1473862
Tamil Nadu,Chidambaram ,SIVAJOTHI M,MALE,35,SC,NTK,Ganna Kisan,37329,142,37471,2.531444608,3.246330756,1480222
Tamil Nadu,Tiruchirappalli,NOTA,,,,NOTA,,14296,141,14437,0.956749768,1.376553116,1508963
Tamil Nadu,Namakkal,BASKAR B,MALE,44,GENERAL,NTK,Ganna Kisan,38394,137,38531,2.725737638,3.397843356,1413599
Tamil Nadu,Arakkonam,M. SAVITHA,FEMALE,33,SC,APoI,Coat,4362,136,4498,0.299863468,0.381279499,1500016
Tamil Nadu,Tiruvannamalai,GNANASEKAR A,MALE,47,GENERAL,IND,Gift Pack,38503,136,38639,2.621615864,3.354688481,1473862
Tamil Nadu,Dharmapuri,RAJASEKAR. D.,MALE,43,GENERAL,MNM,Battery Torch,15481,133,15614,1.050878851,1.275169156,1485804
Tamil Nadu,Theni ,NOTA,,,,NOTA,,10553,133,10686,0.684543638,0.909440617,1561040
Tamil Nadu,Virudhunagar,"KAVITHA, A.",FEMALE,41,GENERAL,AIDMMK,Balloon,1632,133,1765,0.118914796,0.164044739,1484256
Tamil Nadu,Salem,NOTA,,,,NOTA,,16998,132,17130,1.062317676,1.36349526,1612512
Tamil Nadu,Chennai South,R.RANGARAJAN,MALE,40,GENERAL,MNM,Battery Torch,135334,131,135465,6.86408588,12.02699715,1973533
Tamil Nadu,Nagapattinam ,SENGODI T,FEMALE,36,SC,IND,Gift Pack,70177,130,70307,5.393092773,7.010230128,1303649
Tamil Nadu,Viluppuram,PRAKALATHA D,FEMALE,30,SC,NTK,Ganna Kisan,24480,129,24609,1.703829098,2.166098347,1444335
Tamil Nadu,Coimbatore,KALYANA SUNDARAM. S,MALE,36,GENERAL,NTK,Ganna Kisan,60391,128,60519,3.089431641,4.837924455,1958904
Tamil Nadu,Cuddalore ,R. CHITHRA,FEMALE,40,GENERAL,NTK,Ganna Kisan,34565,127,34692,2.543330904,3.324963101,1364038
Tamil Nadu,Mayiladuthurai,SUBHASHINI. K,FEMALE,27,GENERAL,NTK,Ganna Kisan,40929,127,41056,2.765007994,3.739911458,1484842
Tamil Nadu,Dindigul,NOTA,,,,NOTA,,14051,126,14177,0.919461359,1.221175074,1541881
Tamil Nadu,Sriperumbudur,Mahendran.H,MALE,41,GENERAL,NTK,Ganna Kisan,84855,124,84979,3.771065496,6.039073221,2253448
Tamil Nadu,Ramanathapuram,VIJAYA BASKAR,MALE,30,GENERAL,MNM,Battery Torch,14802,123,14925,0.956890251,1.398882581,1559740
Tamil Nadu,Thoothukkudi,NOTA,,,,NOTA,,9113,121,9234,0.646736934,0.930877741,1427783
Tamil Nadu,Tiruppur,"CHANDIRAKUMAR, V.S.",MALE,46,GENERAL,MNM,Battery Torch,64538,119,64657,4.225909044,5.772467108,1530014
Tamil Nadu,Nilgiris ,"RAJENTHIRAN, N.",MALE,55,SC,MNM,Battery Torch,41055,114,41169,3.013703644,4.071909472,1366060
Tamil Nadu,Tiruppur,"JAGANATHAN, P.",MALE,50,GENERAL,NTK,Ganna Kisan,42079,110,42189,2.757425749,3.766562241,1530014
Tamil Nadu,Coimbatore,NOTA,,,,NOTA,,23081,109,23190,1.183825241,1.853822239,1958904
Tamil Nadu,Perambalur,NOTA,,,,NOTA,,11219,106,11325,0.813663512,1.026596323,1391853
Tamil Nadu,Thoothukkudi,"PON KUMARAN, T.P.S.",MALE,59,GENERAL,MNM,Battery Torch,25596,106,25702,1.800133494,2.591013612,1427783
Tamil Nadu,Namakkal,THANGAVELU R,MALE,57,GENERAL,MNM,Battery Torch,30842,105,30947,2.189234712,2.729050851,1413599
Tamil Nadu,Chennai North,KALIYAMMAL.P,FEMALE,33,GENERAL,NTK,Ganna Kisan,60411,104,60515,4.067740329,6.330477827,1487681
Tamil Nadu,Tirunelveli,NOTA,,,,NOTA,,10865,103,10968,0.708618685,1.054220052,1547800
Tamil Nadu,Arani,NOTA,,,,NOTA,,16819,102,16921,1.167650002,1.477923727,1449150
Tamil Nadu,Perambalur,"RAJASEKARAN, M.",MALE,58,GENERAL,IND,Gift Pack,45489,102,45591,3.275561428,4.13276406,1391853
Tamil Nadu,Mayiladuthurai,SENTHAMIZHAN. S,MALE,39,GENERAL,IND,Gift Pack,68928,102,69030,4.648979487,6.288145166,1484842
Tamil Nadu,Thanjavur,SAMPATH RAMADOSS,MALE,53,GENERAL,MNM,Battery Torch,23375,102,23477,1.606855882,2.214702675,1461052
Tamil Nadu,Cuddalore ,V. ANNAMALAI,MALE,44,GENERAL,MNM,Battery Torch,23612,101,23713,1.738441304,2.272709847,1364038
Tamil Nadu,Thiruvallur ,NOTA,,,,NOTA,,18175,100,18275,0.938686199,1.297696101,1946870
Tamil Nadu,Krishnagiri,SRI KARUNYA SUBRAHMANYAM,MALE,50,GENERAL,MNM,Battery Torch,16895,100,16995,1.110491086,1.46222101,1530404
Tamil Nadu,Arakkonam,D. DOSS,MALE,48,SC,BSP,Elephant,8208,99,8307,0.553794093,0.704154912,1500016
Tamil Nadu,Erode,NOTA,,,,NOTA,,14696,99,14795,1.011799656,1.383999858,1462246
Tamil Nadu,Arani,SHAJI V,MALE,41,GENERAL,MNM,Battery Torch,14680,96,14776,1.019632198,1.290573902,1449150
Tamil Nadu,Krishnagiri,NOTA,,,,NOTA,,19731,94,19825,1.295409578,1.705709416,1530404
Tamil Nadu,Tiruvannamalai,NOTA,,,,NOTA,,12223,94,12317,0.835695608,1.069378038,1473862
Tamil Nadu,Theni ,"ARUMUGAM, S.",MALE,48,SC,BSP,Elephant,3676,94,3770,0.241505663,0.320848879,1561040
Tamil Nadu,Nagapattinam ,GURUVIAH K,MALE,61,SC,MNM,Battery Torch,14410,93,14503,1.112492703,1.446077454,1303649
Tamil Nadu,Chidambaram ,ELAVARASAN A,MALE,55,SC,IND,Gift Pack,62219,89,62308,4.209368595,5.398104582,1480222
Tamil Nadu,Sivaganga,KAVINGNAR SNEKAN,MALE,46,GENERAL,MNM,Battery Torch,22846,85,22931,1.477494799,2.113639338,1552019
Tamil Nadu,Pollachi,SANUJA. U,FEMALE,35,GENERAL,NTK,Ganna Kisan,31399,84,31483,2.070563445,2.910005472,1520504
Tamil Nadu,Kallakurichi,Komugi Maniyan M,MALE,69,GENERAL,IND,Gift Pack,50097,82,50179,3.281951263,4.164457004,1528938
Tamil Nadu,Viluppuram,GANAPATHY N,MALE,55,SC,IND,Gift Pack,57939,80,58019,4.017004365,5.106865781,1444335
Tamil Nadu,Salem,SELVAM.S.K,MALE,57,GENERAL,IND,Gift Pack,52252,80,52332,3.245371197,4.16546608,1612512
Tamil Nadu,Tiruppur,NOTA,,,,NOTA,,21782,79,21861,1.428810455,1.951712938,1530014
Tamil Nadu,Tiruvannamalai,BABU B,MALE,27,SC,BSP,Elephant,4046,78,4124,0.2798091,0.35805107,1473862
Tamil Nadu,Chennai central,Dr.KARTHIKEYAN. R,MALE,31,GENERAL,NTK,Ganna Kisan,30809,77,30886,2.318246641,3.930731766,1332300
Tamil Nadu,Madurai,NOTA,,,,NOTA,,16111,76,16187,1.051769106,1.591451173,1539026
Tamil Nadu,Thiruvallur ,Pon.Raja,MALE,43,SC,IND,Gift Pack,33869,75,33944,1.743516516,2.410341804,1946870
Tamil Nadu,Dharmapuri,NOTA,,,,NOTA,,13304,75,13379,0.900455242,1.092640459,1485804
Tamil Nadu,Chidambaram ,RAVI T,MALE,49,SC,MNM,Battery Torch,15260,74,15334,1.035925692,1.328473641,1480222
Tamil Nadu,Kallakurichi,Ganesh H,MALE,40,GENERAL,MNM,Battery Torch,14514,73,14587,0.954060923,1.210604721,1528938
Tamil Nadu,Viluppuram,ANBIN POYYAMOZHI S,MALE,48,SC,MNM,Battery Torch,17819,72,17891,1.238701548,1.57477612,1444335
Tamil Nadu,Coimbatore,APPATHURAI. N.R.,MALE,68,GENERAL,IND,Gift Pack,37989,72,38061,1.942974235,3.042618726,1958904
Tamil Nadu,Kancheepuram ,NOTA,,,,NOTA,,21591,70,21661,1.317585487,1.749453624,1643992
Tamil Nadu,Kallakurichi,NOTA,,,,NOTA,,11506,70,11576,0.757126842,0.960715723,1528938
Tamil Nadu,Chennai North,NOTA,,,,NOTA,,15619,68,15687,1.054459928,1.641018023,1487681
Tamil Nadu,Chennai South,A.J.SHERINE,FEMALE,26,GENERAL,NTK,Ganna Kisan,50156,66,50222,2.544776297,4.458862813,1973533
Tamil Nadu,Namakkal,NOTA,,,,NOTA,,15007,66,15073,1.066285418,1.329207467,1413599
Tamil Nadu,Cuddalore ,NOTA,,,,NOTA,,8660,65,8725,0.639644937,0.836224578,1364038
Tamil Nadu,Virudhunagar,"PERUMALSAMY, M.",MALE,40,SC,BSP,Elephant,3707,63,3770,0.25399931,0.350395845,1484256
Tamil Nadu,Viluppuram,NOTA,,,,NOTA,,11882,61,11943,0.826885729,1.051229735,1444335
Tamil Nadu,Kanniyakumari,EBENEZER. J,MALE,32,GENERAL,MNM,Battery Torch,8530,60,8590,0.572189842,0.818541928,1501250
Tamil Nadu,Ramanathapuram,NOTA,,,,NOTA,,7536,59,7595,0.486940131,0.711860181,1559740
Tamil Nadu,Arani,SENTHAMIZHAN G,MALE,55,GENERAL,IND,Gift Pack,46326,57,46383,3.200703861,4.051210699,1449150
Tamil Nadu,Karur,NOTA,,,,NOTA,,9546,57,9603,0.692214871,0.870116749,1387286
Tamil Nadu,Kancheepuram ,Munusamy A,MALE,51,SC,IND,Gift Pack,55157,56,55213,3.358471331,4.459285487,1643992
Tamil Nadu,Chidambaram ,NOTA,,,,NOTA,,15479,56,15535,1.049504736,1.345887441,1480222
Tamil Nadu,Sriperumbudur,NOTA,,,,NOTA,,23288,55,23343,1.035879239,1.658881444,2253448
Tamil Nadu,Arani,SIVAPRAKASH K,MALE,40,SC,BSP,Elephant,5623,55,5678,0.391815892,0.495931146,1449150
Tamil Nadu,Thanjavur,NOTA,,,,NOTA,,15050,55,15105,1.033844107,1.424930098,1461052
Tamil Nadu,Chennai central,NOTA,,,,NOTA,,13768,54,13822,1.037454027,1.759068007,1332300
Tamil Nadu,Chennai South,NOTA,,,,NOTA,,16838,53,16891,0.855876238,1.499634658,1973533
Tamil Nadu,Nilgiris ,NOTA,,,,NOTA,,18096,53,18149,1.328565363,1.795066312,1366060
Tamil Nadu,Karur,Hariharan Dr R,MALE,42,GENERAL,MNM,Battery Torch,15915,52,15967,1.150952291,1.446751446,1387286
Tamil Nadu,Chennai central,SHEIK MOHAMED @ DHEHLAN BAQAVI,MALE,48,GENERAL,SDPI,Gift Pack,23690,51,23741,1.781956016,3.021417563,1332300
Tamil Nadu,Sriperumbudur,Tambaram Narayanan G,MALE,59,GENERAL,IND,Gift Pack,41446,51,41497,1.841489131,2.949004124,2253448
Tamil Nadu,Mayiladuthurai,REFAYUDEEN. M,MALE,46,GENERAL,MNM,Battery Torch,16954,51,17005,1.145239696,1.549035326,1484842
Tamil Nadu,Thoothukkudi,"SIVANESWARAN, J.",MALE,30,GENERAL,IND,Balloon,5201,51,5252,0.367843013,0.529453097,1427783
Tamil Nadu,Tiruppur,"SELVAM, S.R.",MALE,65,GENERAL,IND,Gift Pack,43766,50,43816,2.863764645,3.911818037,1530014
Tamil Nadu,Nagapattinam ,NOTA,,,,NOTA,,9413,50,9463,0.725885572,0.943544849,1303649
Tamil Nadu,Chennai North,P.SANTHANA KRISHNAN,MALE,44,GENERAL,IND,Gift Pack,33232,45,33277,2.236837064,3.481108992,1487681
Tamil Nadu,Dharmapuri,SIVANANDHAM. C.,MALE,39,SC,BSP,Elephant,5968,44,6012,0.404629413,0.490989943,1485804
Tamil Nadu,Kanniyakumari,NOTA,,,,NOTA,,6088,43,6131,0.408393006,0.584223581,1501250
Tamil Nadu,Pollachi,NOTA,,,,NOTA,,15068,42,15110,0.993749441,1.396632553,1520504
Tamil Nadu,Chennai South,Dr.E.SUBAYA (A) ESAKKI SUBAYA,MALE,55,GENERAL,IND,Gift Pack,29482,40,29522,1.495895939,2.621053482,1973533
Tamil Nadu,Erode,SENTHILKUMAR K C,MALE,41,GENERAL,IND,Gift Pack,25818,40,25858,1.768375499,2.418889376,1462246
Tamil Nadu,Karur,Thangavel P S N,MALE,52,GENERAL,IND,Gift Pack,31099,40,31139,2.244598446,2.82146886,1387286
Tamil Nadu,Mayiladuthurai,NOTA,,,,NOTA,,8191,40,8231,0.554335074,0.749785932,1484842
Tamil Nadu,Thanjavur,"SELVARAJ,R .",MALE,63,GENERAL,IND,Jackfruit,28234,40,28274,1.935180952,2.667227645,1461052
Tamil Nadu,Dindigul,"ARASUR MANOHARAN (a) MANOHARAN, S",MALE,63,GENERAL,BSP,Elephant,5704,39,5743,0.372467136,0.494689176,1541881
Tamil Nadu,Thiruvallur ,R.Anbuchezhian,MALE,48,SC,BSP,Elephant,15153,34,15187,0.780072629,1.07841919,1946870
Tamil Nadu,Virudhunagar,"SAKKARAVARTHY, P.",MALE,59,GENERAL,AIPTMMK,Capsicum,2731,33,2764,0.186221245,0.256894991,1484256
Tamil Nadu,Tiruvannamalai,KALASTHRI S,MALE,69,GENERAL,AIUUK,COCONUT FARM,1967,32,1999,0.135630066,0.173555793,1473862
Tamil Nadu,Pollachi,MUTHUKUMAR. S,MALE,49,GENERAL,IND,Gift Pack,26631,32,26663,1.753563292,2.464488006,1520504
Tamil Nadu,Theni ,ANNAKILI,FEMALE,40,SC,IND,Bread Toaster,5226,32,5258,0.336826731,0.447486315,1561040
Tamil Nadu,Tirunelveli,ESSAKKIAMMAL E,FEMALE,38,SC,BSP,Elephant,3440,30,3470,0.224189172,0.333528773,1547800
Tamil Nadu,Tenkasi ,RAVI. K,MALE,33,SC,ACDP,Jackfruit,1165,29,1194,0.08000981,0.112006664,1492317
Tamil Nadu,Namakkal,SAMINATHAN P.P,MALE,54,GENERAL,IND,Gift Pack,23319,28,23347,1.651599923,2.058847391,1413599
Tamil Nadu,Sivaganga,NOTA,,,,NOTA,,9255,28,9283,0.598124121,0.855650167,1552019
Tamil Nadu,Theni ,"ALEXPANDIAN, S.",MALE,37,GENERAL,IND,BOX,3189,28,3217,0.206080562,0.27378537,1561040
Tamil Nadu,Nilgiris ,"RAMASWAMY, M.",MALE,66,SC,IND,Gift Pack,40392,27,40419,2.958801224,3.997729091,1366060
Tamil Nadu,Cuddalore ,K. THANGAVEL,MALE,49,GENERAL,IND,Gift Pack,44865,27,44892,3.291110658,4.302555157,1364038
Tamil Nadu,Arani,SAKTHIVEL K,MALE,37,SC,TNLK,Ring,5291,26,5317,0.366904737,0.464400476,1449150
Tamil Nadu,Viluppuram,KALIYAMOORTHY G,MALE,53,SC,BSP,Elephant,3917,26,3943,0.272997608,0.34706513,1444335
Tamil Nadu,Perambalur,"MUTHULAKSHMI, R.",FEMALE,44,GENERAL,BSP,Elephant,4560,26,4586,0.329488818,0.415714856,1391853
Tamil Nadu,Theni ,"RAMARAJ, G.",MALE,53,GENERAL,UMK,Pressure Cooker,754,25,779,0.049902629,0.066297421,1561040
Tamil Nadu,Virudhunagar,"VALLINAYAGAM, N.",MALE,37,GENERAL,IND,Pen Nib with Seven Rays,2289,22,2311,0.155700903,0.214791724,1484256
Tamil Nadu,Ramanathapuram,K. PANCHATCHARAM,MALE,43,GENERAL,BSP,Elephant,3659,22,3681,0.236000872,0.34501084,1559740
Tamil Nadu,Tirunelveli,MAHARAJAN V,MALE,41,GENERAL,IND,Pressure Cooker,5117,22,5139,0.332019641,0.493949384,1547800
Tamil Nadu,Dharmapuri,ANNADHURAI. K.,MALE,43,SC,GPI,Lady Finger,8996,21,9017,0.606876816,0.736403245,1485804
Tamil Nadu,Ramanathapuram,DEVA SITHAM. I,MALE,32,GENERAL,IND,Bat,4178,21,4199,0.269211535,0.393561672,1559740
Tamil Nadu,Viluppuram,ABIRAMI P,FEMALE,36,SC,TNLK,Ring,4719,20,4739,0.328109476,0.417129508,1444335
Tamil Nadu,Theni ,"ALLIKKODI, P.",MALE,58,GENERAL,SMFB,Crane,4024,20,4044,0.259058064,0.344167869,1561040
Tamil Nadu,Madurai,DHAVAMANI A,MALE,53,SC,BSP,Elephant,2640,19,2659,0.17277161,0.2614239,1539026
Tamil Nadu,Kanniyakumari,BALASUBRAMANIAN. E,MALE,42,SC,BSP,Elephant,1970,19,1989,0.132489592,0.189532002,1501250
Tamil Nadu,Kanniyakumari,LEKSHMANAN. E,MALE,55,GENERAL,IND,Gift Pack,12326,19,12345,0.822314738,1.17635624,1501250
Tamil Nadu,Coimbatore,GOVINDAN. P,MALE,59,SC,BSP,Elephant,4296,18,4314,0.220225187,0.344863697,1958904
Tamil Nadu,Tiruchirappalli,Asaithambi. P,MALE,47,SC,CPI(ML)(L),Flag with Three Stars,2667,18,2685,0.177936768,0.256011991,1508963
Tamil Nadu,Thoothukkudi,"SIVA, V.",MALE,33,GENERAL,BSP,Elephant,2909,18,2927,0.205003141,0.2950703,1427783
Tamil Nadu,Arakkonam,B. GANESAN,MALE,44,GENERAL,IND,Sofa,908,17,925,0.061666009,0.078408968,1500016
Tamil Nadu,Krishnagiri,N.ASLAM RAHMAN SHERIFF,MALE,35,GENERAL,IND,BUCKET,805,17,822,0.053711308,0.070723488,1530404
Tamil Nadu,Krishnagiri,S.GANESA KUMAR,MALE,50,GENERAL,IND,Gift Pack,8850,17,8867,0.579389495,0.762901659,1530404
Tamil Nadu,Virudhunagar,"ALAGARSAMY, N.",MALE,32,GENERAL,IND,Noodles Bowl,3723,17,3740,0.251978095,0.347607549,1484256
Tamil Nadu,Kanniyakumari,PAULRAJ. C.M.,MALE,54,GENERAL,CPIM,Auto- Rickshaw,761,17,778,0.05182348,0.074135695,1501250
Tamil Nadu,Kancheepuram ,Sekar.D,MALE,37,SC,BSP,Elephant,5002,16,5018,0.305232629,0.405279455,1643992
Tamil Nadu,Arani,SUNDAR K,MALE,41,SC,ACDP,Jackfruit,1956,16,1972,0.136079771,0.17223956,1449150
Tamil Nadu,Thanjavur,"STALIN,R.",MALE,26,SC,BSP,Elephant,5840,16,5856,0.40080709,0.55242573,1461052
Tamil Nadu,Virudhunagar,"PACKIARAJ, E.",MALE,35,GENERAL,TNLK,Ring,1529,16,1545,0.104092555,0.143597236,1484256
Tamil Nadu,Sriperumbudur,Antony.M,MALE,44,GENERAL,BSP,Elephant,6793,15,6808,0.302114804,0.483813771,2253448
Tamil Nadu,Salem,SADAIYAN.M,MALE,38,SC,BSP,Elephant,3528,15,3543,0.219719295,0.282011892,1612512
Tamil Nadu,Chidambaram ,KALAIYARASAN R,MALE,31,SC,IND,Razor,2140,15,2155,0.14558627,0.186700189,1480222
Tamil Nadu,Krishnagiri,K.KUPPAN,MALE,68,GENERAL,IND,Cup & Saucer,1064,14,1078,0.070438917,0.092749294,1530404
Tamil Nadu,Tiruvannamalai,ANNADURAI T S,MALE,40,SC,IND,Tractor Chalata Kisan,923,14,937,0.063574473,0.081351565,1473862
Tamil Nadu,Cuddalore ,C. JEYAPRAKASH,MALE,35,SC,BSP,Elephant,2813,14,2827,0.207252291,0.270946347,1364038
Tamil Nadu,Ramanathapuram,RAJANIKANTH AGAMUDAIYAR,MALE,46,GENERAL,IND,Electric Pole,3536,14,3550,0.227602036,0.33273254,1559740
Tamil Nadu,Kancheepuram ,Pon Jeyaraman S P,MALE,65,SC,IND,Telephone,2496,13,2509,0.152616314,0.202639728,1643992
Tamil Nadu,Nagapattinam ,ANITHA V,FEMALE,37,SC,BSP,Elephant,5399,13,5412,0.415142419,0.539624297,1303649
Tamil Nadu,Chennai central,PARTHASARATHY.M.,MALE,49,GENERAL,BSP,Elephant,2684,12,2696,0.202356827,0.34310862,1332300
Tamil Nadu,Arakkonam,Dr.T.M.S.SADHU MUTHU KRISHNAN ERAJENDRAN,MALE,57,SC,IND,Camera,1174,12,1186,0.079065823,0.100533011,1500016
Tamil Nadu,Arakkonam,PANCHU.UDAYAKUMAR,MALE,40,SC,IND,Electric Pole,827,12,839,0.055932737,0.071119053,1500016
Tamil Nadu,Krishnagiri,M.MEENA,FEMALE,55,GENERAL,IND,Ring,2572,12,2584,0.168844305,0.222322983,1530404
Tamil Nadu,Tiruvannamalai,ANNADURAI S,MALE,37,SC,IND,Air Conditioner,1206,12,1218,0.08264003,0.105748352,1473862
Tamil Nadu,Karur,AadhiKrishnan P,MALE,43,SC,BSP,Elephant,3047,12,3059,0.220502477,0.27717246,1387286
Tamil Nadu,Tiruchirappalli,Balamurugan. S,MALE,40,GENERAL,BSP,Elephant,3949,12,3961,0.262498153,0.37767728,1508963
Tamil Nadu,Arakkonam,R. ELAMVAZHUDHI,MALE,60,GENERAL,IND,Pressure Cooker,851,11,862,0.057466054,0.073068681,1500016
Tamil Nadu,Arani,ELUMALAI K,MALE,37,SC,IND,Key,892,11,903,0.06231239,0.078870346,1449150
Tamil Nadu,Erode,ARUNACHALAM A,MALE,68,GENERAL,IND,Black Board,2069,11,2080,0.142246927,0.194573823,1462246
Tamil Nadu,Sivaganga,SARAVANAN.K,MALE,37,SC,BSP,Elephant,5068,11,5079,0.327251148,0.468151158,1552019
Tamil Nadu,Theni ,"KESAVARAJA, J.",MALE,35,SC,IND,Black Board,1804,11,1815,0.116268641,0.154467033,1561040
Tamil Nadu,Thoothukkudi,"MAHARAJAN, M.",MALE,30,GENERAL,PSPL,Key,2911,11,2922,0.204652948,0.294566251,1427783
Tamil Nadu,Tenkasi ,PONNUTHAI. M,FEMALE,34,SC,IND,Socks,1118,11,1129,0.075654167,0.105909149,1492317
Tamil Nadu,Tirunelveli,INDURANI S,FEMALE,33,SC,IND,Key,885,11,896,0.057888616,0.086121551,1547800
Tamil Nadu,Krishnagiri,T.V.S.GANDHI,MALE,45,GENERAL,IND,Bat,924,10,934,0.061029637,0.080359778,1530404
Tamil Nadu,Tiruvannamalai,ANBALAGAN M,MALE,61,SC,IND,Jackfruit,814,10,824,0.055907541,0.071540757,1473862
Tamil Nadu,Kallakurichi,Sakthivel S,MALE,55,GENERAL,BSP,Elephant,4828,10,4838,0.316428789,0.401515434,1528938
Tamil Nadu,Erode,GOPAL M,MALE,32,SC,BSP,Elephant,4128,10,4138,0.282989319,0.387089653,1462246
Tamil Nadu,Nilgiris ,"SUBRAMANI, M.",MALE,55,SC,IND,Walking Stick,5219,10,5229,0.382779673,0.517185616,1366060
Tamil Nadu,Pollachi,GANESHA MOORTHY. A,MALE,36,SC,BSP,Elephant,3177,10,3187,0.209601553,0.294577627,1520504
Tamil Nadu,Dindigul,"SURESH. K,",MALE,44,GENERAL,UMK,Hat,2198,10,2208,0.143201713,0.190192182,1541881
Tamil Nadu,Chidambaram ,KRISHNARAJ M,MALE,29,SC,AMPK,Mike,4665,10,4675,0.315831004,0.405022452,1480222
Tamil Nadu,Mayiladuthurai,KALYANA SUNDARAM. N,MALE,66,SC,BSP,Elephant,3173,10,3183,0.214366242,0.289948806,1484842
Tamil Nadu,Sivaganga,SINGADURAI.R,MALE,28,GENERAL,IND,Television,3966,10,3976,0.256182431,0.366483364,1552019
Tamil Nadu,Madurai,SHOBANA S,FEMALE,37,GENERAL,IND,Key,3133,10,3143,0.204220072,0.309009145,1539026
Tamil Nadu,Virudhunagar,"Dr.DHANUSHKODI, M.",MALE,53,GENERAL,IND,Sewing Machine,3108,10,3118,0.210071578,0.289796882,1484256
Tamil Nadu,Tenkasi ,PONNUTHAI.M,FEMALE,48,SC,IND,BOX,4723,10,4733,0.317157816,0.443992916,1492317
Tamil Nadu,Thiruvallur ,C.Kalanithi,MALE,39,SC,ACDP,Jackfruit,4153,9,4162,0.21377904,0.295540967,1946870
Tamil Nadu,Kancheepuram ,Maragadam M,FEMALE,49,SC,IND,Chimney,1631,9,1640,0.099757176,0.132454824,1643992
Tamil Nadu,Tiruppur,"AYYANAR, C.",MALE,56,SC,BSP,Elephant,7312,9,7321,0.478492354,0.653606442,1530014
Tamil Nadu,Dindigul,"ANBUROSE. D,",MALE,46,GENERAL,IND,Auto- Rickshaw,1315,9,1324,0.085869143,0.114046399,1541881
Tamil Nadu,Arakkonam,M. PARTHIBAN,MALE,45,SC,IND,Air Conditioner,3305,8,3313,0.220864311,0.280831254,1500016
Tamil Nadu,Krishnagiri,M.KUMARESAN,MALE,44,SC,IND,Gas Cylinder,1251,8,1259,0.082265859,0.108322227,1530404
Tamil Nadu,Dharmapuri,DR. ELANGO. S.,MALE,59,GENERAL,IND,Jackfruit,10822,8,10830,0.728898293,0.88446791,1485804
Tamil Nadu,Arani,ELUMALAI S,MALE,37,GENERAL,IND,Scissors,633,8,641,0.044232826,0.055986591,1449150
Tamil Nadu,Tiruppur,"JAGANATHAN, P.",MALE,60,GENERAL,IND,Cup & Saucer,2675,8,2683,0.175357873,0.239533682,1530014
Tamil Nadu,Tiruchirappalli,Arunachalam. A,MALE,44,GENERAL,IND,Key,4884,8,4892,0.324196153,0.466447173,1508963
Tamil Nadu,Sivaganga,P.RAJENDHIRAN,MALE,59,GENERAL,IND,Mixee,11159,8,11167,0.719514387,1.029305765,1552019
Tamil Nadu,Sivaganga,ARIMALAM THIAGI.SUBRAMANIAN MUTHURAJA,MALE,80,GENERAL,AgIMK,BUCKET,1275,8,1283,0.082666514,0.118259093,1552019
Tamil Nadu,Virudhunagar,"KALYANASUNDARAM, A.",MALE,39,SC,IND,Tiller,2479,8,2487,0.167558696,0.231149726,1484256
Tamil Nadu,Ramanathapuram,G. KESAV YADAV,MALE,56,GENERAL,PUJP,Violin,2875,8,2883,0.184838499,0.270216314,1559740
Tamil Nadu,Tenkasi ,SIVAJAYAPRAKASH.S,MALE,69,SC,IND,DIAMOND,1939,8,1947,0.130468258,0.182644033,1492317
Tamil Nadu,Tenkasi ,SELVAKUMAR. M,MALE,50,SC,IND,Pen Nib with Seven Rays,2222,8,2230,0.149432058,0.209191676,1492317
Tamil Nadu,Chennai North,S.ROBERT GNANA SEKAR,MALE,43,GENERAL,BSP,Elephant,4413,7,4420,0.297106705,0.462376469,1487681
Tamil Nadu,Sriperumbudur,Palanivel.K,MALE,53,SC,CPI(ML)(L),Flag with Three Stars,2611,7,2618,0.11617752,0.18604942,2253448
Tamil Nadu,Tiruvannamalai,VELU R,MALE,37,SC,IND,Wheel Barrow,1631,7,1638,0.111136592,0.142213301,1473862
Tamil Nadu,Kallakurichi,Chandramohan M,MALE,48,GENERAL,VMMKT,Key,1101,7,1108,0.072468602,0.091955168,1528938
Tamil Nadu,Kallakurichi,Sumathi B,FEMALE,33,SC,IND,CUBE,10038,7,10045,0.656991977,0.833654927,1528938
Tamil Nadu,Dindigul,"ARUN KUMAR,A.",MALE,30,GENERAL,IND,CALCULATOR,1797,7,1804,0.11699995,0.155392525,1541881
Tamil Nadu,Perambalur,"RAJASEKARAN, M.",MALE,34,GENERAL,ETMK,Whistle,953,7,960,0.068972801,0.087022735,1391853
Tamil Nadu,Chidambaram ,PARVATHI S,FEMALE,44,SC,DMSK,Football,4093,7,4100,0.276985479,0.355206856,1480222
Tamil Nadu,Madurai,ALAGAR P,MALE,90,SC,DMSK,Football,2637,7,2644,0.171796968,0.259949151,1539026
Tamil Nadu,Theni ,"CHINNASATHIYAMOORTHY, T.",MALE,54,GENERAL,SUCI(C),Glass Tumbler,2590,7,2597,0.16636345,0.221019772,1561040
Tamil Nadu,Theni ,"PRAKASH, P.",MALE,35,SC,IND,Chappals,832,7,839,0.05374622,0.071403769,1561040
Tamil Nadu,Theni ,"SILAMBARASAN, P.",MALE,32,SC,IND,Pen Nib with Seven Rays,4191,7,4198,0.268923282,0.357274163,1561040
Tamil Nadu,Virudhunagar,"ADVOCATE.THANGAPANDIAN, M.",MALE,35,GENERAL,IND,Helmet,1495,7,1502,0.101195481,0.139600679,1484256
Tamil Nadu,Ramanathapuram,C. ANANTH,MALE,28,GENERAL,IND,Almirah,4714,7,4721,0.302678652,0.442487415,1559740
Tamil Nadu,Thoothukkudi,"RAJAKUMAR NAIDU, E.V.S.",MALE,50,GENERAL,TTNP,Tractor Chalata Kisan,2509,7,2516,0.176217254,0.25363747,1427783
Tamil Nadu,Thoothukkudi,"GANESAN, M.",MALE,28,GENERAL,IND,Football,1446,7,1453,0.101766165,0.146476647,1427783
Tamil Nadu,Tenkasi ,PERUMALSAMY. S,MALE,35,SC,IND,SHIP,4327,7,4334,0.290420869,0.406563553,1492317
Tamil Nadu,Tirunelveli,SELVAGANESAN R,MALE,44,GENERAL,USIP,Tiller,1237,7,1244,0.080372141,0.119570546,1547800
Tamil Nadu,Thiruvallur ,D.Ravi Pariyanar,MALE,42,SC,RPI(A),Ring,1754,6,1760,0.090401516,0.124976478,1946870
Tamil Nadu,Sriperumbudur,Rajasekaran S,MALE,38,GENERAL,ACDP,Jackfruit,13740,6,13746,0.609998544,0.976866055,2253448
Tamil Nadu,Sriperumbudur,Anantharaman R K,MALE,40,GENERAL,IND,Mixee,935,6,941,0.04175823,0.066872614,2253448
Tamil Nadu,Arakkonam,M.S. KRISHNAN,MALE,59,SC,IND,Telephone,1316,6,1322,0.088132393,0.112061249,1500016
Tamil Nadu,Arakkonam,S. SHETTU,MALE,46,SC,IND,Gas Cylinder,1061,6,1067,0.071132575,0.090445804,1500016
Tamil Nadu,Arakkonam,P.S. SURESH,MALE,35,GENERAL,IND,Pendulum,1056,6,1062,0.070799245,0.090021971,1500016
Tamil Nadu,Krishnagiri,AJAZ.S,MALE,33,GENERAL,IND,Mike,682,6,688,0.04495545,0.059194355,1530404
Tamil Nadu,Dharmapuri,PADMARAJAN. K. DR.,MALE,60,GENERAL,IND,Chakki,2856,6,2862,0.192622984,0.233734733,1485804
Tamil Nadu,Tiruvannamalai,ANNADURAI B,MALE,42,GENERAL,IND,Pressure Cooker,842,6,848,0.057535916,0.073624468,1473862
Tamil Nadu,Arani,RAMAMURTHY S,MALE,43,GENERAL,IND,Balloon,3608,6,3614,0.249387572,0.315656069,1449150
Tamil Nadu,Viluppuram,RAJASEKARAN M,MALE,40,SC,IND,Football,4316,6,4322,0.299238058,0.380424928,1444335
Tamil Nadu,Erode,KARTHIKEYAN P,MALE,40,GENERAL,IND,Plastering Trowel,1502,6,1508,0.103129022,0.141066021,1462246
Tamil Nadu,Nilgiris ,"ASHOK KUMAR, R.",MALE,48,SC,BSP,Elephant,4082,6,4088,0.299254791,0.40433253,1366060
Tamil Nadu,Coimbatore,NATARAJAN. A,MALE,67,GENERAL,IND,Gas Cylinder,1364,6,1370,0.069937067,0.109518606,1958904
Tamil Nadu,Dindigul,"UDAYAKUMAR,A.",MALE,37,SC,IND,Cup & Saucer,1175,6,1181,0.076594757,0.101728699,1541881
Tamil Nadu,Karur,Noyyal Ramasamy M,MALE,48,GENERAL,TNLK,Ring,1258,6,1264,0.091113152,0.114529582,1387286
Tamil Nadu,Karur,Anbukani S,FEMALE,33,GENERAL,IND,DIAMOND,1139,6,1145,0.082535252,0.103747129,1387286
Tamil Nadu,Tiruchirappalli,Karuppaiah.C,MALE,39,GENERAL,IND,Saw,1212,6,1218,0.080717685,0.116135048,1508963
Tamil Nadu,Tiruchirappalli,Ganesan. P,MALE,35,GENERAL,TNLK,Ring,1318,6,1324,0.087742377,0.12624204,1508963
Tamil Nadu,Perambalur,"VINOTHKUMAR, S.",MALE,27,GENERAL,TNLK,Ring,1611,6,1617,0.116176062,0.146578919,1391853
Tamil Nadu,Nagapattinam ,JAGADEESH J,MALE,27,SC,IND,Electric Pole,2396,6,2402,0.184252049,0.239500658,1303649
Tamil Nadu,Theni ,"KUMARAGURUBARAN, P.",MALE,45,GENERAL,IND,COCONUT FARM,1596,6,1602,0.102623892,0.136339497,1561040
Tamil Nadu,Theni ,"RAVICHANDRAN, K.",MALE,47,GENERAL,IND,SHIP,1037,6,1043,0.066814431,0.088765353,1561040
Tamil Nadu,Theni ,ESWARAN,MALE,33,SC,IND,Auto- Rickshaw,797,6,803,0.051440066,0.06833996,1561040
Tamil Nadu,Theni ,"SIVAMUNIYANDI, A.",MALE,37,SC,IND,Camera,1902,6,1908,0.122226208,0.162381873,1561040
Tamil Nadu,Ramanathapuram,KARUPPASAMY. N,MALE,27,GENERAL,IND,Television,2277,6,2283,0.146370549,0.213979828,1559740
Tamil Nadu,Tenkasi ,MUTHUMURUGAN. M,MALE,28,SC,IND,Throwing a Javelin,1728,6,1734,0.116195152,0.162662944,1492317
Tamil Nadu,Thiruvallur ,Vijaya .R.,FEMALE,59,SC,IND,Bead Necklace,2363,5,2368,0.121631131,0.168150171,1946870
Tamil Nadu,Chennai South,FARMER K.JAYARAMAN,MALE,43,GENERAL,IND,Helicopter,963,5,968,0.049049091,0.085942002,1973533
Tamil Nadu,Chennai South,S.SRINIVASAN (A) POWER STAR,MALE,57,GENERAL,RPI,Iron,665,5,670,0.033949268,0.05948465,1973533
Tamil Nadu,Chennai central,KARNAN.C.S.,MALE,63,SC,ACDP,Jackfruit,5763,5,5768,0.432935525,0.734069184,1332300
Tamil Nadu,Kancheepuram ,Devarajan C,MALE,50,SC,IND,Water Melon,1307,5,1312,0.079805741,0.105963859,1643992
Tamil Nadu,Dharmapuri,ARIVAZHAGAN. P.,MALE,47,GENERAL,IND,Balloon,1477,5,1482,0.099743977,0.121032451,1485804
Tamil Nadu,Tiruvannamalai,RAJENDIRAN T,MALE,61,GENERAL,IND,Key,566,5,571,0.038741755,0.049574966,1473862
Tamil Nadu,Tiruvannamalai,AYYAPPAN M,MALE,27,GENERAL,IND,Wool and Needle,846,5,851,0.057739463,0.073884932,1473862
Tamil Nadu,Arani,SENJERAJA K N K,MALE,43,GENERAL,IND,COMPUTER,2935,5,2940,0.202877549,0.256787173,1449150
Tamil Nadu,Arani,PERUMAL M,MALE,48,GENERAL,IND,Peas,4907,5,4912,0.33895732,0.429026733,1449150
Tamil Nadu,Salem,SIVARAMAN.S,MALE,40,GENERAL,IND,Pen Nib with Seven Rays,4268,5,4273,0.264990276,0.340117644,1612512
Tamil Nadu,Namakkal,RAMESH T,MALE,39,GENERAL,AHIMSASP,HOCKEY & BALL,967,5,972,0.06876066,0.085715495,1413599
Tamil Nadu,Coimbatore,MANIKANDAN. P,MALE,32,SC,TNLK,Ring,2302,5,2307,0.117769937,0.184422937,1958904
Tamil Nadu,Coimbatore,DHANAPAL. M,MALE,26,GENERAL,IND,Cauliflower,1533,5,1538,0.078513291,0.122948625,1958904
Tamil Nadu,Dindigul,"IRUDAYASAMY, G.",MALE,59,GENERAL,IND,Mike,1059,5,1064,0.069006622,0.09165058,1541881
Tamil Nadu,Dindigul,"ESWARAN, R.",MALE,44,GENERAL,IND,BISCUIT,2759,5,2764,0.179261564,0.238084779,1541881
Tamil Nadu,Perambalur,"Senthilvel, A.",MALE,44,GENERAL,UMK,Hat,1142,5,1147,0.082408128,0.103974038,1391853
Tamil Nadu,Thanjavur,"SAMANTHA,K.S.",FEMALE,36,GENERAL,IND,Window,2638,5,2643,0.180897052,0.249327391,1461052
Tamil Nadu,Sivaganga,M.PRABHAKARAN,MALE,34,GENERAL,TNLK,Ring,1226,5,1231,0.079316039,0.113466051,1552019
Tamil Nadu,Theni ,GUNASINGH,MALE,47,GENERAL,IND,Helmet,719,5,724,0.046379337,0.061616602,1561040
Tamil Nadu,Virudhunagar,"MANIKANDAN, R.",MALE,35,GENERAL,ETMK,Whistle,1964,5,1969,0.132659056,0.183005151,1484256
Tamil Nadu,Virudhunagar,"GOVINDAN, A.",MALE,54,GENERAL,IND,Typewriter,4194,5,4199,0.28290268,0.390268476,1484256
Tamil Nadu,Virudhunagar,"PALANICHAMY KUDUMBAR, P.",MALE,31,SC,IND,Slate,1060,5,1065,0.071753121,0.098984503,1484256
Tamil Nadu,Ramanathapuram,P. LOGANATHAN,MALE,39,GENERAL,PSPL,Key,1872,5,1877,0.12034057,0.175926473,1559740
Tamil Nadu,Thoothukkudi,"JAYA GANESH, D.",MALE,36,GENERAL,NIDP,Auto- Rickshaw,903,5,908,0.063595098,0.091535303,1427783
Tamil Nadu,Tenkasi ,MOORTHY. D,MALE,49,SC,IND,Pot,1980,5,1985,0.133014634,0.186208734,1492317
Tamil Nadu,Tirunelveli,MANIKANDAN P,MALE,33,GENERAL,IND,FLUTE,1079,5,1084,0.070034888,0.104191697,1547800
Tamil Nadu,Kanniyakumari,Santhakumar. N,MALE,40,GENERAL,IND,Tractor Chalata Kisan,859,5,864,0.05755204,0.082330643,1501250
Tamil Nadu,Kanniyakumari,SUBI. T,MALE,27,GENERAL,FIP,Helmet,815,5,820,0.054621149,0.078137879,1501250
Tamil Nadu,Chennai North,KAMESH,MALE,44,GENERAL,TNLK,Ring,2665,4,2669,0.179406741,0.279204252,1487681
Tamil Nadu,Chennai central,SAM PAUL,MALE,28,GENERAL,IND,Grapes,1440,4,1444,0.108383998,0.183771828,1332300
Tamil Nadu,Sriperumbudur,Ayodhi L,MALE,54,GENERAL,IND,Pen Nib with Seven Rays,4046,4,4050,0.179724582,0.287815184,2253448
Tamil Nadu,Sriperumbudur,Vasanthi S,FEMALE,52,GENERAL,IND,Whistle,2014,4,2018,0.089551656,0.143410134,2253448
Tamil Nadu,Kancheepuram ,Ramesh S,MALE,39,SC,IND,Bat,2239,4,2243,0.136436187,0.181156201,1643992
Tamil Nadu,Arakkonam,R. RAMESH,MALE,40,GENERAL,IND,Laptop,799,4,803,0.053532762,0.068067461,1500016
Tamil Nadu,Arakkonam,M. NATARAJAN,MALE,50,GENERAL,IND,T.V. Remote,1210,4,1214,0.08093247,0.102906472,1500016
Tamil Nadu,Dharmapuri,DURAI. S.,MALE,38,GENERAL,IND,Bat,1289,4,1293,0.087023591,0.105597138,1485804
Tamil Nadu,Tiruvannamalai,KARUNA S,MALE,51,SC,IND,Almirah,1851,4,1855,0.125859816,0.161053524,1473862
Tamil Nadu,Arani,RAMAMURTHY C,MALE,62,GENERAL,IND,BUCKET,1756,4,1760,0.121450505,0.153722934,1449150
Tamil Nadu,Salem,TAMILARASAN.T,MALE,38,SC,IND,SHIP,1144,4,1148,0.071193269,0.091377266,1612512
Tamil Nadu,Namakkal,VINOTHKUMAR V,MALE,33,GENERAL,IND,Peas,4853,4,4857,0.343591075,0.428312922,1413599
Tamil Nadu,Erode,GANESHAMOORTHY M,MALE,58,GENERAL,IND,Air Conditioner,1002,4,1006,0.068798273,0.094106378,1462246
Tamil Nadu,Dindigul,"SHANMUGA PRABU,K.",MALE,35,GENERAL,IND,Balloon,849,4,853,0.055322038,0.073475512,1541881
Tamil Nadu,Karur,Nagajothi M,FEMALE,53,GENERAL,IND,Frying Pan,393,4,397,0.028617026,0.035971712,1387286
Tamil Nadu,Tiruchirappalli,Easudoss. S,MALE,52,GENERAL,ICF,Grapes,1299,4,1303,0.086350692,0.124239711,1508963
Tamil Nadu,Tiruchirappalli,Nachi. S,FEMALE,33,GENERAL,DUUK,Lunch Box,2364,4,2368,0.156928964,0.225786367,1508963
Tamil Nadu,Tiruchirappalli,Vijayakumar. P,MALE,41,GENERAL,IND,Television,1350,4,1354,0.089730497,0.129102509,1508963
Tamil Nadu,Perambalur,"SURESH, K.",MALE,29,SC,IND,Key,1381,4,1385,0.099507635,0.125548425,1391853
Tamil Nadu,Mayiladuthurai,KRITHIVASAN. S,MALE,82,GENERAL,IND,Auto- Rickshaw,902,4,906,0.061016593,0.082530197,1484842
Tamil Nadu,Sivaganga,A.ANTONY SESU RAJA,MALE,37,GENERAL,IND,BENCH,1187,4,1191,0.076738751,0.109779096,1552019
Tamil Nadu,Sivaganga,SENTHAMILSELVI.R,FEMALE,59,GENERAL,IND,Bat,3449,4,3453,0.22248439,0.318276422,1552019
Tamil Nadu,Madurai,VENKATESWARAN S,MALE,30,GENERAL,IND,Door Bell,689,4,693,0.045028479,0.06813342,1539026
Tamil Nadu,Theni ,"PARTHIPAN, G.",MALE,54,GENERAL,IND,Matchbox,1809,4,1813,0.116140522,0.154296822,1561040
Tamil Nadu,Virudhunagar,"SANKARANARAYANAN, N.",MALE,34,GENERAL,IND,Bat,3701,4,3705,0.249620012,0.344354537,1484256
Tamil Nadu,Virudhunagar,"SABARI PONRAJ, B.",MALE,32,GENERAL,IND,Matchbox,5662,4,5666,0.381740077,0.526616143,1484256
Tamil Nadu,Virudhunagar,"SELVAKUMAR, M.",MALE,30,GENERAL,IND,Bottle,842,4,846,0.056998254,0.078629943,1484256
Tamil Nadu,Tenkasi ,PONNUSAMY.R,MALE,58,SC,IND,Hat,3302,4,3306,0.221534701,0.310129005,1492317
Tamil Nadu,Tenkasi ,PALANI SAMY.S,MALE,48,SC,IND,Whistle,2946,4,2950,0.197679179,0.276733383,1492317
Tamil Nadu,Tenkasi ,THANGARAJ. C,MALE,34,SC,IND,Bat,723,4,727,0.048716191,0.068198362,1492317
Tamil Nadu,Tenkasi ,SUBBIAH. S,MALE,55,SC,IND,CARPET,804,4,808,0.054143992,0.075796805,1492317
Tamil Nadu,Tenkasi ,SUNDARAM.N,MALE,34,SC,IND,Cake,1486,4,1490,0.099844738,0.13977381,1492317
Tamil Nadu,Tenkasi ,DHANUSKODI.P,MALE,37,SC,IND,Pressure Cooker,1241,4,1245,0.083427315,0.116790868,1492317
Tamil Nadu,Thiruvallur ,A.Manikandan,MALE,32,SC,IND,DIAMOND,3123,3,3126,0.16056542,0.221975267,1946870
Tamil Nadu,Krishnagiri,N.SRINIVASA,MALE,43,GENERAL,IND,DIAMOND,5942,3,5945,0.388459518,0.511497729,1530404
Tamil Nadu,Krishnagiri,B.GOVINDAN,MALE,51,GENERAL,IND,Peas,5387,3,5390,0.352194584,0.463746469,1530404
Tamil Nadu,Dharmapuri,SAKTHIVEL. V.,MALE,41,GENERAL,IND,Hat,1500,3,1503,0.101157353,0.122747486,1485804
Tamil Nadu,Tiruvannamalai,UDHAYAKUMAR P S,MALE,48,GENERAL,IND,Auto- Rickshaw,756,3,759,0.051497359,0.065897372,1473862
Tamil Nadu,Arani,KOTHANDAPANI B,MALE,41,SC,IND,Wheel Barrow,964,3,967,0.066728772,0.084460271,1449150
Tamil Nadu,Viluppuram,RAJA S,MALE,33,SC,AgIMK,BUCKET,2529,3,2532,0.17530559,0.222868098,1444335
Tamil Nadu,Viluppuram,ARASAN K,MALE,64,SC,IND,Jackfruit,12778,3,12781,0.88490551,1.124990978,1444335
Tamil Nadu,Kallakurichi,Kumar K R,MALE,43,SC,IND,Mike,1408,3,1411,0.09228628,0.117101752,1528938
Tamil Nadu,Kallakurichi,Kannan S,MALE,42,GENERAL,IND,Whistle,1149,3,1152,0.075346417,0.095606817,1528938
Tamil Nadu,Salem,RAJA.A,MALE,50,SC,IND,Key,447,3,450,0.027906769,0.035818615,1612512
Tamil Nadu,Namakkal,RAMAN V,MALE,45,SC,BSP,Elephant,3576,3,3579,0.253183541,0.315612919,1413599
Tamil Nadu,Namakkal,KALIYAPPAN K,MALE,73,GENERAL,IND,COCONUT FARM,1818,3,1821,0.128820125,0.160584276,1413599
Tamil Nadu,Tiruppur,"KATHIRESAN, L.",MALE,46,GENERAL,IND,COCONUT FARM,3473,3,3476,0.227187464,0.310331374,1530014
Tamil Nadu,Nilgiris ,"RAJA, K.",MALE,51,SC,IND,Auto- Rickshaw,3254,3,3257,0.23842291,0.322140668,1366060
Tamil Nadu,Coimbatore,RADHAKRISHNAN. U,MALE,61,GENERAL,IND,Camera,2630,3,2633,0.134411896,0.210483569,1958904
Tamil Nadu,Coimbatore,RADHAKRISHNAN. P,MALE,52,GENERAL,IND,BISCUIT,1624,3,1627,0.083056648,0.130063337,1958904
Tamil Nadu,Pollachi,RAMASAMY. K,MALE,69,GENERAL,IND,Telephone,2734,3,2737,0.180006103,0.252983673,1520504
Tamil Nadu,Pollachi,SHANMUGA SUNDARAM. K.N.,MALE,60,GENERAL,IND,Hat,711,3,714,0.046958114,0.065995741,1520504
Tamil Nadu,Dindigul,"DINESHKUMAR, M.",MALE,28,SC,IND,Kettle,1415,3,1418,0.091965593,0.122143349,1541881
Tamil Nadu,Karur,Vigneshwaran P,MALE,27,GENERAL,IND,Hand Cart,697,3,700,0.050458233,0.063426192,1387286
Tamil Nadu,Karur,Pushpahenryraj S,MALE,45,GENERAL,IND,SHIP,884,3,887,0.063937789,0.080370047,1387286
Tamil Nadu,Tiruchirappalli,Pushparaj. K,MALE,40,GENERAL,IND,Pen Nib with Seven Rays,1601,3,1604,0.106298166,0.152939752,1508963
Tamil Nadu,Tiruchirappalli,Ganesh. R,MALE,51,GENERAL,IND,Pressure Cooker,1220,3,1223,0.081049038,0.116611793,1508963
Tamil Nadu,Tiruchirappalli,Gopalakrishnan. V,MALE,30,GENERAL,IND,Cake,2529,3,2532,0.167797355,0.241423598,1508963
Tamil Nadu,Tiruchirappalli,Durai Benjamin,MALE,47,GENERAL,IND,Chappals,873,3,876,0.058053113,0.0835257,1508963
Tamil Nadu,Perambalur,"ANNADURAI, V.",MALE,37,SC,IND,Pressure Cooker,959,3,962,0.069116494,0.087204032,1391853
Tamil Nadu,Perambalur,"ANANDRAJ, B.",MALE,27,GENERAL,IND,Bangles,875,3,878,0.063081374,0.079589543,1391853
Tamil Nadu,Chidambaram ,KITTU T,MALE,53,SC,IND,Pressure Cooker,1197,3,1200,0.081068921,0.103962982,1480222
Tamil Nadu,Mayiladuthurai,ABDUL BASEETH,MALE,30,GENERAL,IND,Mike,368,3,371,0.024985823,0.033795478,1484842
Tamil Nadu,Nagapattinam ,JAYALAKSHMI,FEMALE,30,SC,TNLK,Ring,1175,3,1178,0.090361746,0.117457025,1303649
Tamil Nadu,Thanjavur,"PANASAIARANGAN,K.N.",MALE,56,GENERAL,DMSK,Football,2038,3,2041,0.139693864,0.192537725,1461052
Tamil Nadu,Thanjavur,"VIJAYAKUMAR,T.",MALE,38,GENERAL,IND,COCONUT FARM,5449,3,5452,0.373155781,0.514314392,1461052
Tamil Nadu,Sivaganga,L.KASINATHAN,MALE,63,GENERAL,IND,Pot,1786,3,1789,0.115269207,0.164899079,1552019
Tamil Nadu,Sivaganga,M.RAJA,MALE,33,GENERAL,IND,Pen Nib with Seven Rays,2866,3,2869,0.184855984,0.264446874,1552019
Tamil Nadu,Sivaganga,C.SARAVANAN,MALE,33,GENERAL,IND,Hat,2094,3,2097,0.135114325,0.193288635,1552019
Tamil Nadu,Madurai,ANNADURAI P,MALE,51,GENERAL,IND,Mike,713,3,716,0.046522931,0.070394702,1539026
Tamil Nadu,Madurai,MOHAN N,MALE,37,SC,IND,Tractor Chalata Kisan,1356,3,1359,0.088302602,0.13361229,1539026
Tamil Nadu,Madurai,MAYALAGAN N,MALE,34,SC,TNLK,Ring,952,3,955,0.062052233,0.093892375,1539026
Tamil Nadu,Madurai,RAMASAMY T,MALE,63,GENERAL,IND,Helmet,915,3,918,0.059648115,0.09025466,1539026
Tamil Nadu,Theni ,"JEYAMANI, K.",MALE,42,GENERAL,IND,Spanner,449,3,452,0.028955056,0.038467823,1561040
Tamil Nadu,Virudhunagar,"THIAGARAJAN, P.I.D.",MALE,72,GENERAL,IND,Gas Cylinder,850,3,853,0.05746987,0.079280545,1484256
Tamil Nadu,Virudhunagar,"BACKIYARAJ, K.",MALE,49,GENERAL,IND,Electric Pole,822,3,825,0.055583403,0.076678136,1484256
Tamil Nadu,Virudhunagar,"SENTHILKUMAR, S.",MALE,33,GENERAL,IND,Air Conditioner,2714,3,2717,0.183054675,0.252526661,1484256
Tamil Nadu,Ramanathapuram,ASAN ALI. A,MALE,32,GENERAL,IND,Cup & Saucer,1440,3,1443,0.092515419,0.135248748,1559740
Tamil Nadu,Thoothukkudi,GABRIEL JAMES FERNANDO,MALE,56,GENERAL,PPIS,Bread,2546,3,2549,0.17852853,0.256964193,1427783
Tamil Nadu,Thoothukkudi,"ANTO HILLERY, M.",MALE,43,GENERAL,IND,Helmet,921,3,924,0.064715717,0.09314826,1427783
Tamil Nadu,Thoothukkudi,"GERMANUS, S.",MALE,74,GENERAL,CDF,Helicopter,491,3,494,0.034599095,0.049800044,1427783
Tamil Nadu,Thoothukkudi,"GURU, K.",MALE,54,GENERAL,IND,Pen Nib with Seven Rays,2273,3,2276,0.159407977,0.229443117,1427783
Tamil Nadu,Thoothukkudi,"RAMAKRISHNAN, P.",MALE,54,SC,IND,SHIP,1668,3,1671,0.117034591,0.168453184,1427783
Tamil Nadu,Tenkasi ,PONNUTHAI.G,FEMALE,24,SC,IND,Television,2424,3,2427,0.162633006,0.227671837,1492317
Tamil Nadu,Tirunelveli,SIVASANKAR S,MALE,37,SC,JKNPP,Bicycle,1248,3,1251,0.080824396,0.12024337,1547800
Tamil Nadu,Kanniyakumari,Jackson. M. S.,MALE,44,GENERAL,DCLF,Whistle,593,3,596,0.03970025,0.056792897,1501250
Tamil Nadu,Kanniyakumari,ENOSE. M,MALE,64,GENERAL,IND,Bat,407,3,410,0.027310575,0.03906894,1501250
Tamil Nadu,Kanniyakumari,ESAKKIMUTHU. N,MALE,37,SC,IND,Television,517,3,520,0.034637802,0.04955085,1501250
Tamil Nadu,Thiruvallur ,G.George,MALE,55,SC,IND,Air Conditioner,726,2,728,0.037393354,0.051694816,1946870
Tamil Nadu,Chennai North,M.L.RAVI,MALE,54,GENERAL,DMSK,Football,943,2,945,0.063521682,0.098856507,1487681
Tamil Nadu,Chennai North,V.SARAVANAN,MALE,29,GENERAL,IND,Laptop,1068,2,1070,0.071924021,0.111932765,1487681
Tamil Nadu,Chennai North,N.SATHEESH KANNAN,MALE,28,SC,IND,Sofa,845,2,847,0.056934249,0.088604721,1487681
Tamil Nadu,Chennai North,S.GANESH,MALE,37,GENERAL,IND,DIAMOND,1459,2,1461,0.098206538,0.152835299,1487681
Tamil Nadu,Chennai North,L.RAJ,MALE,44,GENERAL,IND,Hat,531,2,533,0.035827573,0.055757162,1487681
Tamil Nadu,Chennai South,SAIKUMAR.S,MALE,52,GENERAL,SUCI(C),Gas Cylinder,1489,2,1491,0.075549788,0.132375542,1973533
Tamil Nadu,Chennai South,M.RADHA,THIRD,53,SC,IND,Computer Mouse,1040,2,1042,0.052798712,0.092511948,1973533
Tamil Nadu,Chennai South,KOTTUR R.KUMAR,MALE,38,SC,BSP,Elephant,2397,2,2399,0.121558646,0.21299056,1973533
Tamil Nadu,Chennai South,Dr.A.NARESH,MALE,29,SC,TNLK,Ring,1379,2,1381,0.069976028,0.122609405,1973533
Tamil Nadu,Chennai South,D.HARI HARAN,MALE,44,SC,IND,Scissors,217,2,219,0.01109685,0.01944349,1973533
Tamil Nadu,Chennai central,GEETHALAKSHMI.V.R.,FEMALE,51,GENERAL,PPOI,Pineapple,1028,2,1030,0.077309915,0.131083783,1332300
Tamil Nadu,Chennai central,SAMUEL PAUL,MALE,29,SC,IND,Capsicum,1232,2,1234,0.092621782,0.157046008,1332300
Tamil Nadu,Chennai central,VALARMATHI. K.,FEMALE,46,GENERAL,AIVP,Key,641,2,643,0.048262403,0.081831915,1332300
Tamil Nadu,Chennai central,Dr. GUNASEKAR. N,MALE,29,SC,IND,Helmet,1227,2,1229,0.092246491,0.156409679,1332300
Tamil Nadu,Chennai central,NAJIMUNNISSA,FEMALE,48,GENERAL,AIMAK,Auto- Rickshaw,643,2,645,0.04841252,0.082086447,1332300
Tamil Nadu,Sriperumbudur,Vaithiyalingam R,MALE,54,SC,IND,Bat,883,2,885,0.039273149,0.062892948,2253448
Tamil Nadu,Arakkonam,G. MOORTHY,MALE,36,GENERAL,IND,Almirah,1614,2,1616,0.107732184,0.136982586,1500016
Tamil Nadu,Dharmapuri,MANIVASAGAM. C.,MALE,54,GENERAL,IND,Ring,4425,2,4427,0.297953162,0.361545655,1485804
Tamil Nadu,Tiruvannamalai,PADAVETTAN M,MALE,49,ST,IND,Pot,604,2,606,0.041116468,0.052613712,1473862
Tamil Nadu,Viluppuram,ANBALAGAN T,MALE,55,SC,IND,Pineapple,1312,2,1314,0.090976124,0.115659036,1444335
Tamil Nadu,Viluppuram,DESINGU A,MALE,37,SC,IND,Grapes,1348,2,1350,0.093468621,0.118827777,1444335
Tamil Nadu,Kallakurichi,Mayilamparai Mari A,MALE,42,GENERAL,IND,Pot,1149,2,1151,0.075281012,0.095523825,1528938
Tamil Nadu,Kallakurichi,Chandrasekaran V,MALE,49,GENERAL,IND,Pestle and Mortar,8064,2,8066,0.527555728,0.669413703,1528938
Tamil Nadu,Kallakurichi,Sathishkumar A,MALE,32,GENERAL,IND,Wool and Needle,1022,2,1024,0.066974593,0.084983837,1528938
Tamil Nadu,Kallakurichi,Sathish Kumar G,MALE,30,GENERAL,IND,Bead Necklace,1413,2,1415,0.092547899,0.11743372,1528938
Tamil Nadu,Salem,AHAMED SHAHJAHAN.M,MALE,49,GENERAL,IND,Water Tank,1367,2,1369,0.084898593,0.108968185,1612512
Tamil Nadu,Salem,MANIMARAN.C,MALE,35,GENERAL,IND,Hat,1989,2,1991,0.123471949,0.15847747,1612512
Tamil Nadu,Salem,RAMACHANDRAN.K.T,MALE,29,GENERAL,IND,Dish Antenna,438,2,440,0.027286619,0.035022645,1612512
Tamil Nadu,Salem,RAVI.A,MALE,57,GENERAL,IND,Auto- Rickshaw,1554,2,1556,0.096495406,0.123852809,1612512
Tamil Nadu,Salem,HARIHARAN.K,MALE,36,GENERAL,IND,Electric Pole,539,2,541,0.033550138,0.043061934,1612512
Tamil Nadu,Salem,SILAMBARASAN.C,MALE,32,SC,TNLK,Ring,4561,2,4563,0.282974638,0.363200751,1612512
Tamil Nadu,Salem,PRAVINA.G,FEMALE,45,SC,IND,Pot,1459,2,1461,0.090603977,0.116291102,1612512
Tamil Nadu,Namakkal,RAMASAMY N,MALE,52,SC,IND,DIAMOND,1866,2,1868,0.132144972,0.164728956,1413599
Tamil Nadu,Namakkal,NATARAJAN M,MALE,51,GENERAL,IND,Pen Nib with Seven Rays,2360,2,2362,0.167091233,0.20829218,1413599
Tamil Nadu,Namakkal,SENTHILMURUGAN S,MALE,50,GENERAL,DMSK,Football,642,2,644,0.045557474,0.056790925,1413599
Tamil Nadu,Namakkal,SARAVANAVEL R,MALE,53,GENERAL,IND,CARPET,2933,2,2935,0.207626067,0.258821994,1413599
Tamil Nadu,Erode,GANESHAMURTHY A C,MALE,58,GENERAL,IND,COCONUT FARM,1537,2,1539,0.105249048,0.14396592,1462246
Tamil Nadu,Erode,SUBRAMANIAN K,MALE,55,GENERAL,IND,Tiller,1276,2,1278,0.087399795,0.119550647,1462246
Tamil Nadu,Tiruppur,"RAJKUMAR, S.",MALE,29,SC,IND,Telephone,4479,2,4481,0.292873137,0.400056067,1530014
Tamil Nadu,Tiruppur,"KUMAR, D.",MALE,36,GENERAL,IND,Electric Pole,1597,2,1599,0.104508848,0.142756003,1530014
Tamil Nadu,Nilgiris ,"ARUMUKAM, P.",MALE,43,SC,IND,Ring,1619,2,1621,0.118662431,0.16032853,1366060
Tamil Nadu,Pollachi,BALAJI. G,MALE,32,GENERAL,IND,Walking Stick,804,2,806,0.053008739,0.074499394,1520504
Tamil Nadu,Pollachi,SHANMUGA SUNDARAM. V,MALE,41,GENERAL,IND,Lady Finger,1271,2,1273,0.083722239,0.117664675,1520504
Tamil Nadu,Pollachi,RAJENDHIRAN. R.G.,MALE,62,GENERAL,IND,Pen Nib with Seven Rays,5245,2,5247,0.345082946,0.484985507,1520504
Tamil Nadu,Dindigul,"NAGARAJ , M",MALE,31,SC,IND,Sewing Machine,3289,2,3291,0.213440596,0.28347938,1541881
Tamil Nadu,Dindigul,"PANDI, M.",MALE,32,SC,IND,Stethoscope,3109,2,3111,0.201766544,0.267974582,1541881
Tamil Nadu,Dindigul,"VEMBARASAN. V,",MALE,46,GENERAL,IND,Camera,1124,2,1126,0.073027685,0.096991122,1541881
Tamil Nadu,Dindigul,"VELUSAMY, P.",MALE,47,GENERAL,IND,Violin,849,2,851,0.055192327,0.073303237,1541881
Tamil Nadu,Karur,Ramamoorthy R,MALE,59,GENERAL,UMK,Hat,715,2,717,0.051683647,0.064966543,1387286
Tamil Nadu,Karur,Prabakaran T,MALE,30,GENERAL,IND,COMPUTER,1127,2,1129,0.081381921,0.102297387,1387286
Tamil Nadu,Karur,Karthikeyan M,MALE,46,GENERAL,IND,Chappals,1583,2,1585,0.114251856,0.143615021,1387286
Tamil Nadu,Tiruchirappalli,Shadhik Batcha. A,MALE,48,GENERAL,IND,Auto- Rickshaw,3374,2,3376,0.223729806,0.321898131,1508963
Tamil Nadu,Tiruchirappalli,Thirunavukarasu. S,MALE,42,GENERAL,IND,Glass Tumbler,3667,2,3669,0.243147115,0.34983538,1508963
Tamil Nadu,Tiruchirappalli,Karthik. K.M,MALE,36,GENERAL,IND,Telephone,2134,2,2136,0.141554167,0.203665405,1508963
Tamil Nadu,Perambalur,"MURUGAN, P.",MALE,31,GENERAL,IND,Matchbox,4311,2,4313,0.309874678,0.390967765,1391853
Tamil Nadu,Cuddalore ,D. SENTHAMARAI KANNAN,MALE,54,GENERAL,IND,Pressure Cooker,1275,2,1277,0.093619093,0.122390692,1364038
Tamil Nadu,Cuddalore ,K. RAMAN,MALE,43,GENERAL,IND,Pineapple,1941,2,1943,0.142444712,0.186221703,1364038
Tamil Nadu,Cuddalore ,CHELLADURAI,MALE,35,SC,TNLK,Ring,2585,2,2587,0.189657473,0.247944181,1364038
Tamil Nadu,Cuddalore ,A. MANIKANDAN,MALE,43,GENERAL,PUJP,Violin,636,2,638,0.04677289,0.061147425,1364038
Tamil Nadu,Chidambaram ,KRISHNAKUMARI A,FEMALE,45,SC,IND,Air Conditioner,1704,2,1706,0.115252982,0.147800706,1480222
Tamil Nadu,Chidambaram ,GURUSAMY P,MALE,51,SC,IND,Cauliflower,7010,2,7012,0.473712727,0.60749036,1480222
Tamil Nadu,Mayiladuthurai,SAMIDURAI. E,MALE,63,SC,IND,BUCKET,601,2,603,0.040610381,0.054929039,1484842
Tamil Nadu,Mayiladuthurai,THIRUNAVUKKARASU. R,MALE,82,GENERAL,IND,Bat,476,2,478,0.032191977,0.043542422,1484842
Tamil Nadu,Mayiladuthurai,KANNAN. R,MALE,44,GENERAL,IND,Ring,431,2,433,0.029161352,0.03944324,1484842
Tamil Nadu,Mayiladuthurai,RAJASEKAR. A,MALE,44,GENERAL,IND,COCONUT FARM,1335,2,1337,0.09004325,0.121791251,1484842
Tamil Nadu,Mayiladuthurai,ARAVAAZHI. K,MALE,52,SC,IND,Key,609,2,611,0.041149159,0.055657782,1484842
Tamil Nadu,Nagapattinam ,AMBIKAPATHI D,MALE,39,SC,MSKK,Balloon,2904,2,2906,0.222912763,0.289753919,1303649
Tamil Nadu,Nagapattinam ,SAMPATH R,MALE,57,SC,IND,Water Tank,1684,2,1686,0.12932929,0.168109121,1303649
Tamil Nadu,Nagapattinam ,SAMBATHKUMAR A,MALE,39,SC,IND,COMPUTER,2099,2,2101,0.161163012,0.209488294,1303649
Tamil Nadu,Thanjavur,"ABDULBUHARI,K .",MALE,42,GENERAL,IND,Ring,1242,2,1244,0.085144129,0.117352734,1461052
Tamil Nadu,Sivaganga,P.SELVARAJ,MALE,52,GENERAL,IND,Pressure Cooker,2483,2,2485,0.160114019,0.229052102,1552019
Tamil Nadu,Madurai,GOPALAKRISHNAN M,MALE,41,GENERAL,IND,COCONUT FARM,1914,2,1916,0.124494323,0.188374649,1539026
Tamil Nadu,Madurai,BOOMI RAJAN K,MALE,34,GENERAL,IND,Bat,788,2,790,0.051331167,0.077670132,1539026
Tamil Nadu,Madurai,BOOMINATHAN K,MALE,47,SC,IND,CUTTING PLIERS,918,2,920,0.059778067,0.090451293,1539026
Tamil Nadu,Madurai,GOPALAKRISHNAN S,MALE,68,GENERAL,IND,Pot,549,2,551,0.035801864,0.054172459,1539026
Tamil Nadu,Theni ,"RAJKUMAR, P.",MALE,30,SC,IND,Bat,288,2,290,0.018577359,0.024680683,1561040
Tamil Nadu,Theni ,"RAMACHANDRAN, K.",MALE,35,GENERAL,IND,Hat,289,2,291,0.018641419,0.024765789,1561040
Tamil Nadu,Virudhunagar,"GANESHKUMAR, S.",MALE,46,GENERAL,IND,Pressure Cooker,1622,2,1624,0.109415087,0.150939749,1484256
Tamil Nadu,Virudhunagar,"BALACHANDAR, N.",MALE,33,GENERAL,IND,Almirah,1812,2,1814,0.122216114,0.168598956,1484256
Tamil Nadu,Virudhunagar,"ELANGO, S.",MALE,34,GENERAL,IND,Hat,935,2,937,0.063129272,0.087087774,1484256
Tamil Nadu,Ramanathapuram,JEYAPANDIAN. R,MALE,26,GENERAL,IND,Tractor Chalata Kisan,1403,2,1405,0.090079116,0.131687104,1559740
Tamil Nadu,Ramanathapuram,ANANDARAJ. M,MALE,40,GENERAL,IND,Balloon,1458,2,1460,0.093605344,0.136842115,1559740
Tamil Nadu,Thoothukkudi,"BALA MURUGAN, P.",MALE,36,GENERAL,IND,COCONUT FARM,1697,2,1699,0.118995674,0.171275859,1427783
Tamil Nadu,Thoothukkudi,AMALAN RAJIV BONIFAS,MALE,35,GENERAL,IND,DIAMOND,2003,2,2005,0.140427502,0.202123659,1427783
Tamil Nadu,Thoothukkudi,"SUNMAN, V.",MALE,28,SC,IND,Bat,613,2,615,0.043073772,0.06199803,1427783
Tamil Nadu,Thoothukkudi,"SELVIN, B.",MALE,41,GENERAL,IND,Pressure Cooker,927,2,929,0.06506591,0.093652309,1427783
Tamil Nadu,Tenkasi ,THAMARAI SELVAM. K,MALE,32,SC,IND,Black Board,1471,2,1473,0.09870557,0.138179076,1492317
Tamil Nadu,Tenkasi ,VAIRAVAN. P,MALE,52,SC,IND,BUCKET,996,2,998,0.066875872,0.093620311,1492317
Tamil Nadu,Tenkasi ,SURIYARAGUPATHI. T,MALE,31,SC,IND,COMPUTER,3000,2,3002,0.201163694,0.281611395,1492317
Tamil Nadu,Tirunelveli,KAMALA KANNAN,MALE,51,GENERAL,IND,Dumbbells,477,2,479,0.030947151,0.046040427,1547800
Tamil Nadu,Tirunelveli,MAHARAJAN A,MALE,29,SC,IND,Pen Nib with Seven Rays,3939,2,3941,0.25461946,0.378800258,1547800
Tamil Nadu,Tirunelveli,MANOHARAN P,MALE,54,GENERAL,IND,Walking Stick,2093,2,2095,0.135353405,0.201366795,1547800
Tamil Nadu,Tirunelveli,MURUGESAN S,MALE,60,SC,IND,DIAMOND,3429,2,3431,0.221669466,0.329780179,1547800
Tamil Nadu,Kanniyakumari,NAGOOR MEERAN PEER MOHAMED. U,MALE,59,GENERAL,IND,Camera,491,2,493,0.032839301,0.046978018,1501250
Tamil Nadu,Kanniyakumari,RAVI KUMAR. T,MALE,42,GENERAL,IND,Brush,2419,2,2421,0.161265612,0.230697323,1501250
Tamil Nadu,Thiruvallur ,G.Arulraj,MALE,32,SC,IND,Gas Cylinder,871,1,872,0.044789842,0.061920164,1946870
Tamil Nadu,Thiruvallur ,D.Anandaraj,MALE,34,SC,IND,Electric Pole,788,1,789,0.040526589,0.056026387,1946870
Tamil Nadu,Thiruvallur ,C.Bharath,MALE,26,SC,IND,Bat,1976,1,1977,0.101547612,0.14038551,1946870
Tamil Nadu,Thiruvallur ,V.Gunasekaran,MALE,65,SC,IND,Pressure Cooker,907,1,908,0.046638964,0.064476501,1946870
Tamil Nadu,Thiruvallur ,K.Kamalanathan,MALE,38,SC,IND,Hat,704,1,705,0.036211971,0.050061601,1946870
Tamil Nadu,Thiruvallur ,S.Sargunam,MALE,42,SC,IND,Pan,722,1,723,0.037136532,0.051339769,1946870
Tamil Nadu,Chennai North,P.MARIMUTHU,MALE,63,GENERAL,IND,BOX,565,1,566,0.038045791,0.059209294,1487681
Tamil Nadu,Chennai North,K.PRABHAKARAN,MALE,35,SC,MKat,Telephone,678,1,679,0.045641505,0.071030231,1487681
Tamil Nadu,Chennai North,S.SELVARAJ,MALE,43,GENERAL,IND,Pressure Cooker,2458,1,2459,0.165290812,0.257236139,1487681
Tamil Nadu,Chennai North,C.DHANRAJ,MALE,44,GENERAL,IND,Pot,1115,1,1116,0.075016082,0.116744828,1487681
Tamil Nadu,Chennai North,R.ARULMURUGAN,MALE,38,GENERAL,IND,Balloon,614,1,615,0.041339508,0.064335187,1487681
Tamil Nadu,Chennai North,A.G.DAMODHARAN,MALE,46,GENERAL,IND,Electric Pole,762,1,763,0.051287877,0.079817476,1487681
Tamil Nadu,Chennai South,AGNI SRIRAMACHANDRAN,MALE,38,GENERAL,IND,Pen Nib with Seven Rays,1443,1,1444,0.073168272,0.128202738,1973533
Tamil Nadu,Chennai South,V.THIRUNAVUKARASU,MALE,42,GENERAL,MKat,Telephone,435,1,436,0.022092359,0.038709414,1973533
Tamil Nadu,Chennai South,S.MANOVA,MALE,28,SC,IND,Fountain,292,1,293,0.014846471,0.026013436,1973533
Tamil Nadu,Chennai South,M.RAJESWARI PRIYA,FEMALE,36,GENERAL,IND,Hat,771,1,772,0.039117664,0.068540522,1973533
Tamil Nadu,Chennai South,M.A.JAYAKUMAR,FEMALE,64,GENERAL,DMSK,Football,638,1,639,0.032378481,0.056732375,1973533
Tamil Nadu,Chennai South,S.ASHOK,MALE,47,GENERAL,IND,CHAPATI ROLLER,347,1,348,0.017633351,0.030896505,1973533
Tamil Nadu,Chennai South,N.SUBRAMANI,MALE,48,GENERAL,IND,Whistle,431,1,432,0.021889677,0.038354282,1973533
Tamil Nadu,Chennai South,S.ELANKUMARAN,MALE,49,GENERAL,IND,Coat,958,1,959,0.048593056,0.085142954,1973533
Tamil Nadu,Chennai central,RADHAKRISHNAN. V.,MALE,47,GENERAL,IND,Pressure Cooker,503,1,504,0.037829318,0.064141968,1332300
Tamil Nadu,Chennai central,RAJ RAMCHAND,MALE,51,GENERAL,IND,BUCKET,496,1,497,0.037303911,0.063251107,1332300
Tamil Nadu,Chennai central,DINAKARAN. G.,MALE,29,SC,IND,Balloon,324,1,325,0.024393905,0.041361388,1332300
Tamil Nadu,Chennai central,RAVICHANDRAN. M,MALE,55,GENERAL,IND,Robot,196,1,197,0.01478646,0.025071364,1332300
Tamil Nadu,Chennai central,TAMILARASAN. V.V.,MALE,33,SC,IND,CCTV Camera,510,1,511,0.038354725,0.065032828,1332300
Tamil Nadu,Chennai central,RAGHAVAN. M.,MALE,62,GENERAL,IND,T.V. Remote,321,1,322,0.024168731,0.04097959,1332300
Tamil Nadu,Chennai central,JITENDRA KUMAR JAIN.,MALE,41,GENERAL,RPI(A),Pen Nib with Seven Rays,3397,1,3398,0.255047662,0.432449218,1332300
Tamil Nadu,Chennai central,KUPPUSAMY. K.,MALE,46,GENERAL,IND,SHIP,1769,1,1770,0.132852961,0.225260481,1332300
Tamil Nadu,Chennai central,SASIKUMAR.S.,MALE,36,GENERAL,TNLK,Ring,1555,1,1556,0.116790513,0.198025598,1332300
Tamil Nadu,Chennai central,VAITHIYANATHAN. R,MALE,39,GENERAL,IND,BOX,355,1,356,0.026720709,0.045306628,1332300
Tamil Nadu,Sriperumbudur,Indian.P.N.K.,MALE,48,GENERAL,IND,Sewing Machine,1184,1,1185,0.052586081,0.084212591,2253448
Tamil Nadu,Sriperumbudur,Godwin Shadrach S R,MALE,36,GENERAL,MMKA,Air Conditioner,3598,1,3599,0.159710808,0.255764654,2253448
Tamil Nadu,Sriperumbudur,Viruthagiri A,MALE,72,GENERAL,IND,Auto- Rickshaw,1799,1,1800,0.079877592,0.12791786,2253448
Tamil Nadu,Sriperumbudur,Sasikumar A,MALE,42,GENERAL,IND,Gas Cylinder,803,1,804,0.035678658,0.057136644,2253448
Tamil Nadu,Kancheepuram ,Elangovan M,MALE,35,SC,IND,DIAMOND,2271,1,2272,0.138200186,0.18349839,1643992
Tamil Nadu,Arakkonam,C. MOORTHY,MALE,35,GENERAL,IND,Auto- Rickshaw,3498,1,3499,0.233264179,0.296597814,1500016
Tamil Nadu,Krishnagiri,DEVAPPA.Y,MALE,53,GENERAL,IND,Pot,1521,1,1522,0.099450864,0.130950302,1530404
Tamil Nadu,Krishnagiri,NAGESH.L,MALE,47,GENERAL,IND,CCTV Camera,1628,1,1629,0.106442482,0.1401564,1530404
Tamil Nadu,Dharmapuri,SARAVANAN. S.,MALE,45,GENERAL,IND,Pineapple,1061,1,1062,0.071476453,0.086731756,1485804
Tamil Nadu,Dharmapuri,VENKATACHALAM. C.,MALE,49,GENERAL,IND,Pressure Cooker,3171,1,3172,0.213487109,0.259051912,1485804
Tamil Nadu,Tiruvannamalai,RAGHUNATHAN K,MALE,40,SC,IND,Television,505,1,506,0.034331572,0.043931581,1473862
Tamil Nadu,Tiruvannamalai,VIJAYAN A,MALE,38,SC,IND,Well,622,1,623,0.0422699,0.054089674,1473862
Tamil Nadu,Tiruvannamalai,INDIRAMOHAN P,MALE,36,SC,IND,Hat,727,1,728,0.049394041,0.063205911,1473862
Tamil Nadu,Viluppuram,KATHIRVEL M,MALE,48,SC,IND,Bat,994,1,995,0.068889835,0.087580473,1444335
Tamil Nadu,Kallakurichi,Manikandan C,MALE,36,SC,IND,Dish Antenna,1298,1,1299,0.084960934,0.107806645,1528938
Tamil Nadu,Kallakurichi,Prabhu A,MALE,38,GENERAL,IND,COCONUT FARM,3181,1,3182,0.208118315,0.264080635,1528938
Tamil Nadu,Kallakurichi,Ramachandran K,MALE,47,SC,IND,Ludo,1305,1,1306,0.085418768,0.108387589,1528938
Tamil Nadu,Kallakurichi,Ramadoss R,MALE,40,GENERAL,IND,Noodles Bowl,4926,1,4927,0.322249823,0.408901725,1528938
Tamil Nadu,Salem,MOHAN.P,MALE,63,GENERAL,SUCI(C),Gas Cylinder,776,1,777,0.048185688,0.061846808,1612512
Tamil Nadu,Salem,KALAIMANNAN.C,MALE,43,SC,IND,Bricks,635,1,636,0.039441567,0.050623642,1612512
Tamil Nadu,Salem,SURULIVEL.N.K,MALE,46,GENERAL,IND,Pressure Cooker,1101,1,1102,0.068340577,0.087715807,1612512
Tamil Nadu,Salem,MURTHY KAMARAJAR.M,MALE,33,GENERAL,IND,Bat,1464,1,1465,0.090852037,0.11660949,1612512
Tamil Nadu,Salem,NATARAJAN.C,MALE,55,GENERAL,IND,Gas Stove,1678,1,1679,0.104123256,0.133643231,1612512
Tamil Nadu,Namakkal,SAKTHIVEL S,MALE,50,GENERAL,IND,SHIP,2543,1,2544,0.179966171,0.22434179,1413599
Tamil Nadu,Erode,CHITRA,FEMALE,40,SC,IND,Key,1445,1,1446,0.098888969,0.135266225,1462246
Tamil Nadu,Erode,KUPPUSAMY P,MALE,56,GENERAL,UMK,Bricks,3378,1,3379,0.231082868,0.316088916,1462246
Tamil Nadu,Erode,NATARAJAN A,MALE,46,GENERAL,IND,BENCH,525,1,526,0.035972059,0.049204726,1462246
Tamil Nadu,Erode,KATHIRVEL A,MALE,54,SC,IND,Brief Case,727,1,728,0.049786424,0.068100838,1462246
Tamil Nadu,Erode,MANI A,MALE,52,GENERAL,IND,Laptop,578,1,579,0.039596621,0.054162617,1462246
Tamil Nadu,Tiruppur,"SENTHILVEL, A.",MALE,46,GENERAL,IND,Ring,1898,1,1899,0.124116511,0.169539494,1530014
Tamil Nadu,Tiruppur,"KANAGARAJ, P.",MALE,31,GENERAL,IND,Pressure Cooker,1519,1,1520,0.099345496,0.135703018,1530014
Tamil Nadu,Nilgiris ,"RAJARATHINAM, M.",MALE,55,SC,IND,DIAMOND,4746,1,4747,0.347495718,0.469512358,1366060
Tamil Nadu,Coimbatore,KRISHNAN. V,MALE,49,GENERAL,IND,COCONUT FARM,2915,1,2916,0.14885875,0.233106755,1958904
Tamil Nadu,Coimbatore,PUSHPANANTHAM. V,MALE,50,SC,IND,Television,1421,1,1422,0.072591612,0.113675516,1958904
Tamil Nadu,Coimbatore,KANAGASABAPATHY. G,MALE,43,SC,IND,DIAMOND,2726,1,2727,0.139210497,0.217997984,1958904
Tamil Nadu,Pollachi,MANICKAVEL. C,MALE,43,GENERAL,IND,Gas Cylinder,533,1,534,0.035119934,0.049358159,1520504
Tamil Nadu,Dindigul,"MURUGESAN, S .P,",MALE,46,SC,IND,Tube light,1515,1,1516,0.098321466,0.13058485,1541881
Tamil Nadu,Karur,Ulaganathan T,MALE,66,SC,IND,Whistle,823,1,824,0.059396548,0.074661689,1387286
Tamil Nadu,Karur,Karthi P,MALE,36,GENERAL,IND,Tractor Chalata Kisan,2174,1,2175,0.156780938,0.19707424,1387286
Tamil Nadu,Karur,Anbazhagan T,MALE,29,GENERAL,IND,Lady Finger,665,1,666,0.048007404,0.060345492,1387286
Tamil Nadu,Karur,Rajalingam M,MALE,36,GENERAL,IND,Lighter,396,1,397,0.028617026,0.035971712,1387286
Tamil Nadu,Karur,Ebeneezer S,MALE,67,GENERAL,IND,Cup & Saucer,1949,1,1950,0.14056222,0.17668725,1387286
Tamil Nadu,Karur,Ravi S P,MALE,34,GENERAL,IND,Robot,511,1,512,0.036906593,0.046391729,1387286
Tamil Nadu,Karur,Manoharan M,MALE,60,GENERAL,AMPK,Mike,413,1,414,0.029842441,0.037512062,1387286
Tamil Nadu,Karur,Sathishkumar S,MALE,28,GENERAL,IND,Peanuts,1525,1,1526,0.109998948,0.138269099,1387286
Tamil Nadu,Karur,Palanivel P,MALE,39,SC,IND,Typewriter,548,1,549,0.039573671,0.049744257,1387286
Tamil Nadu,Karur,Kanagaraj R T,MALE,50,GENERAL,IND,Camera,1299,1,1300,0.093708147,0.1177915,1387286
Tamil Nadu,Tiruchirappalli,Sundrarajan.P,MALE,61,SC,IND,Truck,3450,1,3451,0.228700107,0.329049304,1508963
Tamil Nadu,Tiruchirappalli,Jayaram Metha. S,MALE,28,GENERAL,IND,Helmet,1158,1,1159,0.076807715,0.110509459,1508963
Tamil Nadu,Perambalur,"VINCENT MELBONE, J.",MALE,45,GENERAL,IND,Balloon,3170,1,3171,0.227825783,0.287446971,1391853
Tamil Nadu,Cuddalore ,S. RAJAMOHAN,MALE,65,GENERAL,IND,Gas Cylinder,919,1,920,0.067446801,0.08817497,1364038
Tamil Nadu,Cuddalore ,M PAVADAI RAJA,MALE,40,GENERAL,AgIMK,BUCKET,458,1,459,0.033650089,0.043991643,1364038
Tamil Nadu,Cuddalore ,M. RAGHUNATHAN,MALE,48,GENERAL,IMK,Football,747,1,748,0.054837182,0.071690084,1364038
Tamil Nadu,Cuddalore ,A. MARIMUTHU,MALE,34,SC,IND,Grapes,634,1,635,0.046552955,0.060859898,1364038
Tamil Nadu,Chidambaram ,JAGATHEESAN M,MALE,45,SC,IND,Brief Case,2992,1,2993,0.2021994,0.259301005,1480222
Tamil Nadu,Mayiladuthurai,THIRUGNANASAMBANDAM. D,MALE,78,GENERAL,IND,Tractor Chalata Kisan,1100,1,1101,0.074149303,0.100293319,1484842
Tamil Nadu,Mayiladuthurai,ANNADURAI. K,MALE,51,GENERAL,IND,Gas Cylinder,324,1,325,0.021887851,0.029605203,1484842
Tamil Nadu,Nagapattinam ,PREM S,MALE,38,SC,IND,Black Board,3117,1,3118,0.239174809,0.310892195,1303649
Tamil Nadu,Nagapattinam ,VEDARETHINAM G,MALE,50,SC,ACDP,Jackfruit,894,1,895,0.068653449,0.089239421,1303649
Tamil Nadu,Thanjavur,"MUTHUVEL,S .",MALE,49,SC,IND,Pen Nib with Seven Rays,4508,1,4509,0.308613246,0.425356492,1461052
Tamil Nadu,Sivaganga,A.VELLADURAI,MALE,51,GENERAL,ETMK,Whistle,2552,1,2553,0.164495409,0.235319926,1552019
Tamil Nadu,Sivaganga,K.CHELLAKKANNU,MALE,68,SC,IND,DIAMOND,3951,1,3952,0.254636058,0.36427119,1552019
Tamil Nadu,Madurai,VENKATESAN M,MALE,50,GENERAL,IND,DIAMOND,1772,1,1773,0.115202732,0.174315372,1539026
Tamil Nadu,Madurai,PASUMPON PANDIAN S,MALE,54,GENERAL,IND,Pressure Cooker,2271,1,2272,0.147625836,0.223375367,1539026
Tamil Nadu,Madurai,DHARMAR P,MALE,35,SC,IND,Almirah,1842,1,1843,0.119751063,0.181197536,1539026
Tamil Nadu,Madurai,BRITTO JAI SINGH M,MALE,34,GENERAL,IND,Bangles,1503,1,1504,0.097724145,0.147868201,1539026
Tamil Nadu,Madurai,MUTHUKUMAR T,MALE,34,GENERAL,IND,Hat,611,1,612,0.03976541,0.060169773,1539026
Tamil Nadu,Theni ,"RAJASEKARAN, V.",MALE,40,GENERAL,IND,Whistle,273,1,274,0.017552401,0.02331899,1561040
Tamil Nadu,Theni ,"MANIMURUGAN, C.",MALE,42,GENERAL,IND,Ring,352,1,353,0.02261313,0.030042349,1561040
Tamil Nadu,Theni ,"RAJARISHIGURUDEV, S.",MALE,26,GENERAL,IND,Shoe,613,1,614,0.039332753,0.052254963,1561040
Tamil Nadu,Virudhunagar,"SUGAN RAJEEV, M.",MALE,29,GENERAL,IND,COCONUT FARM,2435,1,2436,0.164122631,0.226409623,1484256
Tamil Nadu,Virudhunagar,"UMAYORUBAGAM, M.",MALE,67,GENERAL,IND,Pan,788,1,789,0.053157946,0.073332181,1484256
Tamil Nadu,Ramanathapuram,JAWAHIRALI. H,MALE,32,GENERAL,IND,Tongs,2295,1,2296,0.147204021,0.215198285,1559740
Tamil Nadu,Ramanathapuram,S. MOHAMED ALI JINNAH,MALE,37,GENERAL,IND,Tiller,1459,1,1460,0.093605344,0.136842115,1559740
Tamil Nadu,Ramanathapuram,K. KURUNTHAPPAN,MALE,42,GENERAL,IND,Pressure Cooker,4595,1,4596,0.294664495,0.43077148,1559740
Tamil Nadu,Ramanathapuram,B. KRISHNARAJA,MALE,44,GENERAL,IND,CHAIN,979,1,980,0.062830985,0.091852927,1559740
Tamil Nadu,Thoothukkudi,"PONRAJ, S.",MALE,53,GENERAL,IND,Letter Box,559,1,560,0.039221646,0.056453491,1427783
Tamil Nadu,Thoothukkudi,"PONNUSAMY, M.",MALE,51,SC,IND,Pineapple,435,1,436,0.030536853,0.043953075,1427783
Tamil Nadu,Thoothukkudi,RAJKUMAR POLIAH,MALE,35,GENERAL,UBM,FLUTE,688,1,689,0.048256633,0.069457956,1427783
Tamil Nadu,Thoothukkudi,"JASPER GNANA MARTIN, G.",MALE,38,GENERAL,IND,Chimney,435,1,436,0.030536853,0.043953075,1427783
Tamil Nadu,Thoothukkudi,"JAMES, G.",MALE,40,GENERAL,IND,Diesel Pump,406,1,407,0.028505732,0.041029591,1427783
Tamil Nadu,Thoothukkudi,"SENAI NATARAJAN, R.",MALE,46,GENERAL,IND,Gas Cylinder,473,1,474,0.033198322,0.047783848,1427783
Tamil Nadu,Thoothukkudi,"LOURDES, S.",MALE,43,GENERAL,IND,Kettle,459,1,460,0.032217781,0.04637251,1427783
Tamil Nadu,Thoothukkudi,"RAMESH, A.",MALE,36,GENERAL,IND,Hat,668,1,669,0.04685586,0.06744176,1427783
Tamil Nadu,Thoothukkudi,"RAJALINGAM, M.",MALE,43,GENERAL,IND,Telephone,1865,1,1866,0.130692129,0.188111096,1427783
Tamil Nadu,Tenkasi ,DEEPAN ARUN.A,MALE,36,SC,IND,Ring,1964,1,1965,0.131674436,0.184332575,1492317
Tamil Nadu,Tirunelveli,SELVA PRAKASH R,MALE,50,GENERAL,IND,Helmet,778,1,779,0.0503295,0.074875768,1547800
Tamil Nadu,Tirunelveli,MANIKANDAN G,MALE,50,GENERAL,IND,Truck,1958,1,1959,0.12656674,0.188294774,1547800
Tamil Nadu,Tirunelveli,RAMAKRISHNAN N,MALE,28,GENERAL,NIDP,Tractor Chalata Kisan,1688,1,1689,0.109122626,0.162342968,1547800
Tamil Nadu,Tirunelveli,PAUL SOLOMON PANDIAN,MALE,78,GENERAL,IND,Television,1406,1,1407,0.090903217,0.135237747,1547800
Tamil Nadu,Tirunelveli,RAMAMOORTHI B,MALE,49,GENERAL,IND,Electric Pole,585,1,586,0.037860189,0.056325032,1547800
Tamil Nadu,Tirunelveli,RAMASWAMY S,MALE,45,SC,IND,Bat,530,1,531,0.034306758,0.051038553,1547800
Tamil Nadu,Tirunelveli,RAJIV VICTOR,MALE,35,GENERAL,IND,Ring,627,1,628,0.040573718,0.06036198,1547800
Tamil Nadu,Thiruvallur ,N.Vikraman,MALE,35,SC,IND,Table,1942,0,1942,0.099749855,0.137900182,1946870
Tamil Nadu,Thiruvallur ,K.Chandrasekar,MALE,38,SC,IND,Pot,762,0,762,0.039139747,0.054109134,1946870
Tamil Nadu,Thiruvallur ,Murugesan,MALE,53,SC,IND,Almirah,3185,0,3185,0.163595926,0.22616482,1946870
Tamil Nadu,Chennai North,L.PRAVEEN KUMAR,MALE,38,GENERAL,PPIS,Bread,768,0,768,0.05162397,0.080340527,1487681
Tamil Nadu,Chennai North,J. SEBASTIN,MALE,42,GENERAL,SUCI(C),Gas Cylinder,900,0,900,0.06049684,0.094149055,1487681
Tamil Nadu,Chennai North,J.DHARANIDHARAN,MALE,39,SC,IND,Brief Case,402,0,402,0.027021922,0.042053244,1487681
Tamil Nadu,Chennai North,S.PRITHVIRAJ,MALE,25,GENERAL,IND,BUCKET,555,0,555,0.037306385,0.058058584,1487681
Tamil Nadu,Chennai North,G.SRINIVASAN,MALE,42,GENERAL,IND,Air Conditioner,1677,0,1677,0.112725779,0.175431072,1487681
Tamil Nadu,Chennai South,J.JANCI RANI,FEMALE,36,GENERAL,IND,Cauliflower,379,0,379,0.019204138,0.03364878,1973533
Tamil Nadu,Chennai South,KUPPAL.G.DEVADOSS,MALE,64,GENERAL,IND,Pot,313,0,313,0.015859882,0.027789098,1973533
Tamil Nadu,Chennai South,E.DHANASEKARAN,MALE,51,GENERAL,IND,Camera,350,0,350,0.017734692,0.031074071,1973533
Tamil Nadu,Chennai South,SIBI CHAKKARAVARTHY,MALE,28,GENERAL,IND,COMPUTER,647,0,647,0.032783845,0.057442639,1973533
Tamil Nadu,Chennai South,G.DEVASAHAYAM,MALE,40,GENERAL,IND,Key,462,0,462,0.023409794,0.041017773,1973533
Tamil Nadu,Chennai South,K.MURALI KRISHNAN,MALE,69,GENERAL,PPOI,Pineapple,860,0,860,0.043576672,0.076353431,1973533
Tamil Nadu,Chennai South,C.ROSI,FEMALE,29,SC,IND,Saw,498,0,498,0.025233933,0.044213964,1973533
Tamil Nadu,Chennai South,A.RAVICHANDRAN,MALE,32,GENERAL,IND,Violin,427,0,427,0.021636324,0.037910366,1973533
Tamil Nadu,Chennai South,R.JOHNSON,MALE,37,GENERAL,ICF,Grapes,512,0,512,0.025943321,0.045456926,1973533
Tamil Nadu,Chennai South,P.AZHAGIRI,MALE,44,SC,IND,Tyres,553,0,553,0.028020813,0.049097032,1973533
Tamil Nadu,Chennai South,I.CHIDAMBARA ANANTHA RAJA (A) ICARR WEEOUI,MALE,35,GENERAL,IND,DIAMOND,743,0,743,0.037648218,0.065965813,1973533
Tamil Nadu,Chennai South,D.KARTHICK,MALE,32,GENERAL,IND,Tractor Chalata Kisan,1203,0,1203,0.06095667,0.106806021,1973533
Tamil Nadu,Chennai South,K.SARAVANA PERUMAL,MALE,33,GENERAL,IND,CUBE,1645,0,1645,0.083353053,0.146048133,1973533
Tamil Nadu,Chennai South,B.RAJI,MALE,28,GENERAL,IND,Bottle,220,0,220,0.011147521,0.019532273,1973533
Tamil Nadu,Chennai South,B.KARTHIKEYAN,MALE,43,GENERAL,IND,Television,533,0,533,0.027007402,0.047321371,1973533
Tamil Nadu,Chennai South,K.KANNAN,MALE,46,GENERAL,IND,Syringe,635,0,635,0.032175798,0.056377243,1973533
Tamil Nadu,Chennai South,K.SUDHAGAR,MALE,50,GENERAL,IND,Crane,224,0,224,0.011350203,0.019887405,1973533
Tamil Nadu,Chennai South,G.DHANASEKARAN,MALE,48,GENERAL,IND,Pressure Cooker,437,0,437,0.02214303,0.038798197,1973533
Tamil Nadu,Chennai South,R.GANESAN,MALE,51,GENERAL,IND,School Bag,673,0,673,0.034101279,0.059750999,1973533
Tamil Nadu,Chennai South,MURTHY.M,MALE,56,GENERAL,IND,COCONUT FARM,1429,0,1429,0.072408214,0.126870992,1973533
Tamil Nadu,Chennai central,SURESH BABU. D.,MALE,43,GENERAL,DMSK,Football,690,0,690,0.051790137,0.087813408,1332300
Tamil Nadu,Chennai central,PRABHAKARAN. N.,MALE,27,SC,IND,Electric Pole,377,0,377,0.02829693,0.04797921,1332300
Tamil Nadu,Chennai central,GOVINDARAJ. L.,MALE,39,GENERAL,IND,DIAMOND,1184,0,1184,0.088868873,0.150682717,1332300
Tamil Nadu,Chennai central,PRABAKARAN. K.M.,MALE,57,GENERAL,IND,Bat,334,0,334,0.025069429,0.04250678,1332300
Tamil Nadu,Chennai central,MADHANAGOPAL. T,MALE,41,GENERAL,IND,COMPUTER,235,0,235,0.01763867,0.029907465,1332300
Tamil Nadu,Chennai central,NASAR. K.,MALE,35,GENERAL,IND,Rubber Stamp,360,0,360,0.027020941,0.045815691,1332300
Tamil Nadu,Chennai central,PUSHPARAJ. J. L.,MALE,28,GENERAL,IND,Laptop,216,0,216,0.016212565,0.027489415,1332300
Tamil Nadu,Chennai central,CHANDRANATHAN. S.,MALE,27,SC,IND,Water Melon,929,0,929,0.06972904,0.118229936,1332300
Tamil Nadu,Sriperumbudur,Raja Marimuthu,MALE,45,GENERAL,IND,Key,2268,0,2268,0.100645766,0.161176503,2253448
Tamil Nadu,Sriperumbudur,Muthumaran K,MALE,34,GENERAL,IND,Helmet,1371,0,1371,0.060840099,0.09743077,2253448
Tamil Nadu,Sriperumbudur,Singarajan S P,MALE,55,GENERAL,IND,Computer Mouse,738,0,738,0.032749813,0.052446322,2253448
Tamil Nadu,Kancheepuram ,Vinothraj R,MALE,31,SC,IND,Hat,1597,0,1597,0.097141592,0.128981923,1643992
Tamil Nadu,Tiruvannamalai,KRISHNAMURTHI R,MALE,38,GENERAL,IND,Bat,4001,0,4001,0.271463678,0.347372049,1473862
Tamil Nadu,Tiruvannamalai,VIGNESHWARAN A,MALE,26,GENERAL,IND,Telephone,606,0,606,0.041116468,0.052613712,1473862
Tamil Nadu,Tiruvannamalai,SIVAGURURAJ T,MALE,26,GENERAL,IND,BUCKET,1758,0,1758,0.119278467,0.152631858,1473862
Tamil Nadu,Tiruvannamalai,KRISHNAMOORTHY A,MALE,45,GENERAL,IND,Electric Pole,4175,0,4175,0.283269397,0.362478957,1473862
Tamil Nadu,Tiruvannamalai,KALAIMANI S,MALE,33,SC,IND,Table,1632,0,1632,0.110729498,0.141692373,1473862
Tamil Nadu,Kallakurichi,Govindasamy A,MALE,54,GENERAL,IND,Gas Cylinder,938,0,938,0.061349774,0.077846523,1528938
Tamil Nadu,Kallakurichi,Sathees Kumar R,MALE,40,GENERAL,IND,Cup & Saucer,3956,0,3956,0.258741689,0.328316465,1528938
Tamil Nadu,Kallakurichi,Mannan M P,MALE,58,SC,IND,Hat,1130,0,1130,0.07390751,0.093780992,1528938
Tamil Nadu,Kallakurichi,Selvam D,MALE,41,GENERAL,IND,Pan,4426,0,4426,0.28948198,0.367322719,1528938
Tamil Nadu,Kallakurichi,Siva Kumar P,MALE,49,GENERAL,IND,Pressure Cooker,1824,0,1824,0.119298493,0.15137746,1528938
Tamil Nadu,Kallakurichi,Nagarajan S,MALE,26,GENERAL,IND,Bat,1082,0,1082,0.070768076,0.089797375,1528938
Tamil Nadu,Salem,MADESWARAN.S,MALE,56,GENERAL,IND,Air Conditioner,773,0,773,0.047937628,0.06152842,1612512
Tamil Nadu,Namakkal,NALLATHAMBI P,MALE,66,GENERAL,IND,Mike,526,0,526,0.037209987,0.046385134,1413599
Tamil Nadu,Namakkal,MUTHUSAMY M.P.,MALE,63,SC,GPI,Lady Finger,1011,0,1011,0.071519575,0.089154697,1413599
Tamil Nadu,Namakkal,SELVARAJ K.R,MALE,63,GENERAL,IND,T.V. Remote,448,0,448,0.031692156,0.03950673,1413599
Tamil Nadu,Namakkal,SAKTHIYVEL N.K.S,MALE,47,GENERAL,IND,Pressure Cooker,4398,0,4398,0.311120763,0.38783616,1413599
Tamil Nadu,Namakkal,RAMASAMY P,MALE,55,GENERAL,IND,Chappals,726,0,726,0.051358271,0.064022067,1413599
Tamil Nadu,Namakkal,MANICKAM S,MALE,51,GENERAL,UMK,Hat,777,0,777,0.054966083,0.068519485,1413599
Tamil Nadu,Namakkal,KALIAPPAN P,MALE,64,GENERAL,IND,Frock,2632,0,2632,0.186191416,0.23210204,1413599
Tamil Nadu,Namakkal,SELLADURAI S,MALE,38,SC,IND,Air Conditioner,288,0,288,0.020373529,0.025397184,1413599
Tamil Nadu,Namakkal,RAMESH T.R,MALE,39,GENERAL,IND,Electric Pole,683,0,683,0.04831639,0.060230127,1413599
Tamil Nadu,Namakkal,PRABHU K,MALE,34,SC,IND,Brief Case,587,0,587,0.041525213,0.051764399,1413599
Tamil Nadu,Namakkal,KALIAPPAN S,MALE,64,GENERAL,IND,Binoculars,1177,0,1177,0.083262651,0.103793352,1413599
Tamil Nadu,Namakkal,CHO V,MALE,47,SC,IND,BOX,459,0,459,0.032470312,0.040476762,1413599
Tamil Nadu,Namakkal,ARUMUGAM V,MALE,51,SC,IND,Bricks,762,0,762,0.053904962,0.067196715,1413599
Tamil Nadu,Namakkal,SIVARAJEE S,MALE,54,SC,IND,Gas Cylinder,341,0,341,0.024122824,0.030070971,1413599
Tamil Nadu,Namakkal,VIJAYAKARTHIKEYAN B,MALE,31,GENERAL,IND,COMPUTER,2044,0,2044,0.144595462,0.180249457,1413599
Tamil Nadu,Erode,PARAMASIVAM N,MALE,60,GENERAL,IND,Baby Walker,1167,0,1167,0.079808733,0.10916714,1462246
Tamil Nadu,Erode,DHARMALINGAM S,MALE,47,SC,IND,Helmet,2455,0,2455,0.167892407,0.229653238,1462246
Tamil Nadu,Erode,ANANTHI S,FEMALE,35,SC,IND,CALCULATOR,485,0,485,0.033168154,0.045369377,1462246
Tamil Nadu,Erode,KUPPUSAMY R,MALE,41,SC,GPI,Lady Finger,1603,0,1603,0.109625877,0.149952806,1462246
Tamil Nadu,Nilgiris ,"NAGARAJAN, A.",MALE,36,SC,IND,Telephone,2199,0,2199,0.160973896,0.217496877,1366060
Tamil Nadu,Pollachi,ANSARI. S,MALE,40,GENERAL,IND,Air Conditioner,908,0,908,0.059717041,0.083927357,1520504
Tamil Nadu,Pollachi,MUTHUKUMAR. C,MALE,46,GENERAL,IND,Pressure Cooker,943,0,943,0.06201891,0.087162442,1520504
Tamil Nadu,Dindigul,"VETRIVEL, N.",MALE,26,GENERAL,IND,Almirah,3903,0,3903,0.253132375,0.336195691,1541881
Tamil Nadu,Dindigul,"ANANTHRAJ, T.",MALE,34,SC,IND,COMPUTER,3022,0,3022,0.195994373,0.260308322,1541881
Tamil Nadu,Karur,Jothikumar J,MALE,40,GENERAL,DUUK,Lunch Box,969,0,969,0.069848611,0.087799972,1387286
Tamil Nadu,Karur,Varadan M,MALE,65,ST,IND,Pen Nib with Seven Rays,639,0,639,0.046061158,0.057899053,1387286
Tamil Nadu,Karur,Vinothkumar N,MALE,37,SC,IND,Electric Pole,416,0,416,0.029986607,0.03769328,1387286
Tamil Nadu,Karur,Sivakumar V,MALE,38,GENERAL,IND,Toffee,378,0,378,0.027247446,0.034250144,1387286
Tamil Nadu,Karur,Saraswathi K,FEMALE,57,SC,INCP,Telephone,860,0,860,0.061991543,0.077923608,1387286
Tamil Nadu,Karur,Joseph M A,MALE,69,GENERAL,DMSK,Football,398,0,398,0.02868911,0.036062321,1387286
Tamil Nadu,Karur,Rajesh Kannan K,MALE,41,GENERAL,IND,Tube light,270,0,270,0.019462461,0.024464388,1387286
Tamil Nadu,Karur,Pitchaimuthu T,MALE,44,GENERAL,IND,Cauliflower,296,0,296,0.021336624,0.026820218,1387286
Tamil Nadu,Karur,Dasaprakash K,MALE,36,GENERAL,IND,Capsicum,813,0,813,0.058603633,0.073664992,1387286
Tamil Nadu,Karur,Babu G,MALE,33,SC,IND,Key,313,0,313,0.022562038,0.028360569,1387286
Tamil Nadu,Karur,Magudeeswaran K,MALE,38,GENERAL,IND,CHAIN,720,0,720,0.051899897,0.065238369,1387286
Tamil Nadu,Karur,Karthikeyan B K,MALE,35,GENERAL,IND,Pen Stand,2296,0,2296,0.165503004,0.208037911,1387286
Tamil Nadu,Karur,Prakash N,MALE,39,GENERAL,IND,Pressure Cooker,506,0,506,0.036474094,0.045848076,1387286
Tamil Nadu,Karur,Selvaraj K,MALE,44,SC,IND,Grapes,697,0,697,0.050241983,0.063154366,1387286
Tamil Nadu,Karur,Muthu K R P,MALE,47,GENERAL,IND,COCONUT FARM,920,0,920,0.066316535,0.083360138,1387286
Tamil Nadu,Karur,Muthukumar G,MALE,46,GENERAL,IND,BENCH,1045,0,1045,0.075326933,0.094686244,1387286
Tamil Nadu,Karur,Ramachandran M,MALE,27,SC,IND,Coat,1466,0,1466,0.105673956,0.132832568,1387286
Tamil Nadu,Karur,Mahamuni A,MALE,35,SC,IND,Peas,2867,0,2867,0.206662505,0.259775562,1387286
Tamil Nadu,Tiruchirappalli,Chellaperumal.,MALE,64,GENERAL,IND,COCONUT FARM,2241,0,2241,0.148512588,0.213677047,1508963
Tamil Nadu,Tiruchirappalli,Kamaraj. K,MALE,52,SC,IND,Stool,731,0,731,0.048443865,0.069700099,1508963
Tamil Nadu,Perambalur,"JAVEED HUSSAIN, T.",MALE,28,GENERAL,IND,Auto- Rickshaw,913,0,913,0.065596008,0.082762247,1391853
Tamil Nadu,Perambalur,"SABABATHI, S.",MALE,26,GENERAL,IND,CALCULATOR,885,0,885,0.063584301,0.080224084,1391853
Tamil Nadu,Perambalur,"RAJASEKARAN, T.",MALE,45,GENERAL,IND,BENCH,2455,0,2455,0.176383569,0.222542514,1391853
Tamil Nadu,Perambalur,"KARUPPAIYA, M.",MALE,34,GENERAL,IND,Bat,839,0,839,0.060279354,0.076054244,1391853
Tamil Nadu,Perambalur,"PACHAMUTHU, P.",MALE,36,GENERAL,IND,Air Conditioner,3336,0,3336,0.239680483,0.302404003,1391853
Tamil Nadu,Perambalur,"UTHAMASELVAN, N.",MALE,47,GENERAL,IND,Almirah,983,0,983,0.070625274,0.089107654,1391853
Tamil Nadu,Cuddalore ,D. SANKAR,MALE,27,GENERAL,IND,Pen Nib with Seven Rays,2860,0,2860,0.209671578,0.274109145,1364038
Tamil Nadu,Cuddalore ,KUPPUSAMY,MALE,65,SC,ACDP,Jackfruit,7540,0,7540,0.552770524,0.722651383,1364038
Tamil Nadu,Cuddalore ,M. SATHIYASEELAN,MALE,38,SC,IND,Camera,1671,0,1671,0.122503919,0.160152581,1364038
Tamil Nadu,Cuddalore ,S. DHANASEKARAN,MALE,37,SC,IND,Balloon,3296,0,3296,0.241635497,0.315896414,1364038
Tamil Nadu,Cuddalore ,A. JAYAMANI,MALE,35,GENERAL,IND,BELT,574,0,574,0.042080939,0.055013514,1364038
Tamil Nadu,Cuddalore ,K. HEMANTH KUMAR,MALE,28,GENERAL,IND,Frying Pan,1350,0,1350,0.09897085,0.129387184,1364038
Tamil Nadu,Cuddalore ,MOOVANDHAN,MALE,42,GENERAL,IND,Water Melon,1518,0,1518,0.111287222,0.1454887,1364038
Tamil Nadu,Chidambaram ,PERIYASAMY T,MALE,29,SC,IND,Batsman,1464,0,1464,0.098904083,0.126834838,1480222
Tamil Nadu,Mayiladuthurai,RAJESH. P,MALE,37,SC,IND,Whistle,415,0,415,0.027949102,0.037803567,1484842
Tamil Nadu,Mayiladuthurai,RAJA. N,MALE,45,SC,IND,Balloon,263,0,263,0.017712322,0.023957441,1484842
Tamil Nadu,Mayiladuthurai,DEVADOS. P,MALE,32,SC,IND,DIAMOND,1303,0,1303,0.087753444,0.118694092,1484842
Tamil Nadu,Mayiladuthurai,SUGUMARAN. K,MALE,44,SC,IND,BENCH,2473,0,2473,0.166549707,0.225272823,1484842
Tamil Nadu,Mayiladuthurai,SRINIVASAN. V,MALE,50,GENERAL,IND,Binoculars,2158,0,2158,0.145335329,0.196578549,1484842
Tamil Nadu,Mayiladuthurai,SUBRAMANIAN. P,MALE,41,GENERAL,IND,Water Melon,3192,0,3192,0.214972367,0.290768642,1484842
Tamil Nadu,Mayiladuthurai,KANNAPIRAN. M,MALE,37,SC,IND,Helmet,465,0,465,0.031316463,0.042358214,1484842
Tamil Nadu,Mayiladuthurai,KAPPUR DHAKSHINAMOORTHY. M,MALE,47,SC,IND,BISCUIT,1029,0,1029,0.069300303,0.093734628,1484842
Tamil Nadu,Mayiladuthurai,HABEEB MOHAMED. U,MALE,65,GENERAL,APEP,Hat,892,0,892,0.060073732,0.081254896,1484842
Tamil Nadu,Mayiladuthurai,VILVANATHAN. M,MALE,44,GENERAL,IND,Matchbox,1608,0,1608,0.108294351,0.146477436,1484842
Tamil Nadu,Mayiladuthurai,VANIDHAS. M,MALE,65,GENERAL,IND,Green Chilli,777,0,777,0.0523288,0.070779209,1484842
Tamil Nadu,Mayiladuthurai,SHANMUGAM. M,MALE,50,GENERAL,IND,Pressure Cooker,728,0,728,0.049028786,0.066315655,1484842
Tamil Nadu,Nagapattinam ,SIVAKUMAR P,MALE,44,SC,IND,Pressure Cooker,1268,0,1268,0.097265445,0.126430822,1303649
Tamil Nadu,Nagapattinam ,SOUNDARARAJAN M,MALE,62,SC,IND,Key,1090,0,1090,0.083611463,0.108682647,1303649
Tamil Nadu,Sivaganga,C.CHIDAMBARAM,MALE,63,GENERAL,IND,Bottle,1261,0,1261,0.081249005,0.116231268,1552019
Tamil Nadu,Sivaganga,M.MOHAMMED RABEEK,MALE,47,GENERAL,IND,Auto- Rickshaw,1441,0,1441,0.092846801,0.132822567,1552019
Tamil Nadu,Sivaganga,R.NATARAJAN,MALE,46,GENERAL,IND,Gas Cylinder,1284,0,1284,0.082730946,0.118351267,1552019
Tamil Nadu,Sivaganga,A.RADHA KRISHNAN,MALE,63,SC,IND,Letter Box,905,0,905,0.058311142,0.083417365,1552019
Tamil Nadu,Sivaganga,M.CHINNAIAH,MALE,42,GENERAL,IND,Bangles,1248,0,1248,0.080411387,0.115033007,1552019
Tamil Nadu,Sivaganga,N.KARTHICK,MALE,25,GENERAL,IND,Cup & Saucer,1422,0,1422,0.09162259,0.131071263,1552019
Tamil Nadu,Sivaganga,M.RAJASEKAR,MALE,27,GENERAL,IND,Camera,2140,0,2140,0.13788491,0.197252112,1552019
Tamil Nadu,Sivaganga,SENTHIL KUMAR.C,MALE,42,GENERAL,IND,CHESS BOARD,4690,0,4690,0.302187022,0.432295517,1552019
Tamil Nadu,Madurai,RAMESH K.K,MALE,47,GENERAL,IND,Balloon,707,0,707,0.045938145,0.069509852,1539026
Tamil Nadu,Madurai,BALACHANDRAN T,MALE,58,GENERAL,IND,Auto- Rickshaw,937,0,937,0.060882662,0.092122676,1539026
Tamil Nadu,Madurai,NAGA JOTHI K,FEMALE,33,GENERAL,IND,Gas Stove,1000,0,1000,0.06497616,0.098316623,1539026
Tamil Nadu,Madurai,PALPANDI M,MALE,49,SC,IND,Envelope,2621,0,2621,0.170302516,0.257687868,1539026
Tamil Nadu,Madurai,SHANMUGHAM V,MALE,74,GENERAL,IND,Pan,855,0,855,0.055554617,0.084060712,1539026
Tamil Nadu,Theni ,"VELMURUGAN, S.P.",MALE,55,GENERAL,IND,Air Conditioner,926,0,926,0.059319428,0.078807974,1561040
Tamil Nadu,Theni ,"VAIYATHURAI, A.",MALE,59,SC,IND,Almirah,1022,0,1022,0.065469174,0.086978131,1561040
Tamil Nadu,Theni ,"SENTHILKUMAR, J.",MALE,48,GENERAL,IND,Soap Dish,2172,0,2172,0.139138011,0.184849805,1561040
Tamil Nadu,Theni ,"RAMAMURTHI, S.",MALE,46,SC,IND,Binoculars,273,0,273,0.017488341,0.023233884,1561040
Tamil Nadu,Ramanathapuram,V. VINAYAGAMOORTHY,MALE,47,GENERAL,IND,Road Roller,1367,0,1367,0.087642812,0.12812546,1559740
Tamil Nadu,Ramanathapuram,ALLA PICHAI,MALE,75,GENERAL,IND,Gas Cylinder,883,0,883,0.056611999,0.082761361,1559740
Tamil Nadu,Ramanathapuram,N. KATHIRAVAN,MALE,52,GENERAL,IND,Ring,1789,0,1789,0.114698604,0.167678455,1559740
Tamil Nadu,Ramanathapuram,PRABHAKARAN. S,MALE,37,GENERAL,IND,Bricks,1798,0,1798,0.115275623,0.168522002,1559740
Tamil Nadu,Thoothukkudi,"Er.PRADEEP GANESAN, M.P.",MALE,39,GENERAL,IND,Ring,887,0,887,0.062124286,0.089418297,1427783
Tamil Nadu,Thoothukkudi,"RAMA KRISHNAN, M.",MALE,41,GENERAL,IND,Pot,473,0,473,0.033128283,0.047683038,1427783
Tamil Nadu,Thoothukkudi,"JEYARAJ, A.",MALE,46,SC,IND,BUCKET,477,0,477,0.033408438,0.048086277,1427783
Tamil Nadu,Thoothukkudi,"MARAKATHA RAGHAVA RAJ, T.",MALE,63,GENERAL,IND,Baby Walker,428,0,428,0.029976544,0.043146597,1427783
Tamil Nadu,Thoothukkudi,"RAVI SANKAR, J.",MALE,46,GENERAL,IND,Cup & Saucer,487,0,487,0.034108825,0.049094375,1427783
Tamil Nadu,Thoothukkudi,"SARAVANAN, G.",MALE,43,SC,IND,Bottle,2135,0,2135,0.149532527,0.215228934,1427783
Tamil Nadu,Thoothukkudi,"SANKARALINGAM, M.",MALE,39,GENERAL,IND,Cauliflower,3029,0,3029,0.212147084,0.3053529,1427783
Tamil Nadu,Tenkasi ,BHARATHARAJ. S,MALE,52,SC,IND,Balloon,4226,0,4226,0.283183801,0.396432297,1492317
Tamil Nadu,Tirunelveli,BAGAVATHIKESAN T,MALE,44,GENERAL,IND,Cauliflower,880,0,880,0.056854891,0.084583666,1547800
Tamil Nadu,Tirunelveli,MOHANRAJ A,MALE,52,SC,IND,Gas Stove,630,0,630,0.040702933,0.060554215,1547800
Tamil Nadu,Tirunelveli,RAJKUMAR A,MALE,45,GENERAL,IND,Pot,772,0,772,0.049877245,0.074202943,1547800
Tamil Nadu,Tirunelveli,RATHINASIGAMANI M,MALE,63,GENERAL,IND,Auto- Rickshaw,935,0,935,0.060408321,0.089870145,1547800
Tamil Nadu,Kanniyakumari,PEACHI MUTHU. E,MALE,42,GENERAL,IND,Cauliflower,814,0,814,0.054221482,0.077566138,1501250
Tamil Nadu,Vellore,D.M.KATHIR ANAND,Male,43,GENERAL,DMK,RISING SUN,484980,360,485340,33.73595812,47.20747009,1438643
Tamil Nadu,Vellore,A.C.SHANMUGAM,Male,67,GENERAL,ADMK,TWOLEAVES,476690,509,477199,33.17007764,46.41562105,1438643
Tamil Nadu,Vellore,DEEPALAKSHMI,Female,34,GENERAL,NTK,GANNA KISAN,26912,83,26995,1.876421044,2.625717343,1438643
Tamil Nadu,Vellore,K.SUGUMAR,Male,67,GENERAL,IND,GIFT PACK,4446,0,4446,0.309041228,0.432448205,1438643
Tamil Nadu,Vellore,R. NARESH KUMAR,Male,27,GENERAL,TNLK,BICYCLE PUMP,3116,7,3123,0.217079567,0.303764225,1438643
Tamil Nadu,Vellore,S.SHANMUGAM,Male,47,GENERAL,IND,ELECTRIC POLE,3071,0,3071,0.21346505,0.298706352,1438643
Tamil Nadu,Vellore,P.CHELLAPANDIAN,Male,52,GENERAL,IND,BOTTLE,2591,0,2591,0.180100275,0.252018286,1438643
Tamil Nadu,Vellore,G.S. GANESAN YADAV,Male,41,GENERAL,PSPL,KEY,2472,8,2480,0.172384671,0.241221671,1438643
Tamil Nadu,Vellore,E. KARUNANITHI,Male,53,SC,IND,POT,1526,0,1526,0.106072181,0.148429141,1438643
Tamil Nadu,Vellore,AGNI SRIRAMACHANDRAN,Male,38,GENERAL,IND,PEN NIBWITHSEVENRAYS,1165,1,1166,0.081048599,0.113413092,1438643
Tamil Nadu,Vellore,P. RAASHID AHMED,Male,35,GENERAL,IND,STOOL,1138,0,1138,0.079102321,0.110689622,1438643
Tamil Nadu,Vellore,A.VIJAY POUL RAJA,Male,44,GENERAL,rpsn,DIAMOND,901,0,901,0.062628463,0.087637389,1438643
Tamil Nadu,Vellore,J.S.K,Male,39,GENERAL,IND,BRICK,755,3,758,0.052688541,0.073728237,1438643
Tamil Nadu,Vellore,S. DIVYA,Female,25,SC,DhMK,WATER MELON,712,7,719,0.049977653,0.069934831,1438643
Tamil Nadu,Vellore,BISHOP GODFREY NOBLE,Male,49,GENERAL,DMSK,RING,708,0,708,0.049213043,0.068864896,1438643
Tamil Nadu,Vellore,M.KATHIRAVAN,Male,31,GENERAL,IND,TELEVISION,621,0,621,0.043165678,0.060402685,1438643
Tamil Nadu,Vellore,V. SELVARAJ,Male,58,GENERAL,IND,BOAT WITHMAN AND SAIL,593,2,595,0.041358419,0.057873748,1438643
Tamil Nadu,Vellore,ARUMUGAM .P,Male,43,SC,IND,CUP & SAUCER,539,1,540,0.037535372,0.052524074,1438643
Tamil Nadu,Vellore,V.SEKAR,Male,60,GENERAL,APEP,HAT,464,12,476,0.033086735,0.046298998,1438643
Tamil Nadu,Vellore,K.KATHIRAVAN,Male,49,GENERAL,IND,BAT,387,0,387,0.02690035,0.037642253,1438643
Tamil Nadu,Vellore,M.R.VENKATESAN,Male,47,GENERAL,IND,SHOE,300,0,300,0.020852984,0.029180041,1438643
Tamil Nadu,Vellore,MOHANAM,Male,66,SC,MJK,LAPTOP,265,0,265,0.018420136,0.025775703,1438643
Tamil Nadu,Vellore,T.DAVID,Male,66,GENERAL,IND,AUTO-RICKSHAW,244,0,244,0.016960427,0.0237331,1438643
Tamil Nadu,Vellore,M.BALARAMAN,Male,80,GENERAL,IND,JACKFRUIT,230,0,230,0.015987288,0.022371365,1438643
Tamil Nadu,Vellore,A.NOORMUHAMAD,Male,61,GENERAL,IND,PRESSURE COOKER,228,0,228,0.015848268,0.022176831,1438643
Tamil Nadu,Vellore,S.TAMIL SELVAN,Male,43,GENERAL,IND,WHISTLE,210,1,211,0.014666599,0.020523295,1438643
Tamil Nadu,Vellore,MURALI,Male,29,GENERAL,IND,CAKE,195,0,195,0.01355444,0.018967027,1438643
Tamil Nadu,Vellore,DR.K. PADMARAJAN,Male,60,GENERAL,IND,TYRES,185,0,185,0.01285934,0.017994359,1438643
Tamil Nadu,Theni ,NOTA,,,,NOTA,,9398,19,9418,0.654644689,0.916058749,1438643
