Parl Const,S. No.,Total Votes,Party,Candidate
Thiruvallur,1,15187,Bahujan Samaj Party,RAnbuchezhian
Thiruvallur,2,410337,All India Anna Dravida Munnetra Kazhagam,DrP Venugopal
Thiruvallur,3,767292,Indian National Congress,DrK Jayakumar
Thiruvallur,4,4162,Anti Corruption Dynamic Party,C Kalanithi
Thiruvallur,5,17601,Republican Party of India,DRavi Pariyanar  (A)
Thiruvallur,6,73731,Makkal Needhi Maiam,Logarangan M
Thiruvallur,7,65416,Naam Tamilar Katchi,M.VETRISELVI
Thiruvallur,8,872,Independent,G.Arulraj
Thiruvallur,9,789,Independent,DAnandaraj
Thiruvallur,10,7051,Independent,KKamalanathan
Thiruvallur,11,9081,Independent,V.Gunasekaran
Thiruvallur,12,762,Independent,KChandrasekar
Thiruvallur,13,723,Independent,S.Sargunam
Thiruvallur,14,1977,Independent,CBharath
Thiruvallur,15,3126,Independent,AManikandan
Thiruvallur,16,3185,Independent,Murugesan
Thiruvallur,17,33944,Independent,Pon.Raja
Thiruvallur,18,1942,Independent,N.Vikraman
Thiruvallur,19,2368,Independent,Vijaya R
Thiruvallur,20,728,Independent,GGeorge
Chennai North,1,129468,Desiya Murpokku Dravida Kazhagam,Azhagapuram Mohanraj  R
Chennai North,2,590986,Dravida Munnetra Kazhagam,Dr. Kalanidhi Veeraswamy
Chennai North,3,4420,Bahujan Samaj Party,S.Robert Gnana sekar
Chennai North,4,945,Desiya Makkal Sakthi Katchi,MLRavi
Chennai North,5,2669,TamilNadu Ilangyar Katchi,Kamesh
Chennai North,6,60515,Naam Tamilar Katchi,KaliyammalP
Chennai North,7,900,SOCIALIST UNITY CENTRE OF INDIA (COMMUNIST),J Sebastin
Chennai North,8,679,Makkalatchi Katchi,KPrabhakaran
Chennai North,9,768,People's Party of India (SECULAR),LPraveen Kumar
Chennai North,10,103167,Makkal Needhi Maiam,A. GMourya
Chennai North,11,615,Independent,RArulmurugan
Chennai North,12,1461,Independent,S.Ganesh
Chennai North,13,847,Independent,N.Satheesh Kannan
Chennai North,14,33277,Independent,P Santhana Krishnan
Chennai North,15,1070,Independent,V.Saravanan
Chennai North,16,1677,Independent,GSrinivasan
Chennai North,17,2459,Independent,S.Selvaraj
Chennai North,18,1116,Independent,CDhanraj
Chennai North,19,402,Independent,J.Dharanidharan
Chennai North,20,763,Independent,AG Dhamodharan
Chennai North,21,555,Independent,S.Prithiviraj
Chennai North,22,566,Independent,P.Marimuthu
Chennai North,23,533,Independent,LRaj
Chennai North,24,15687,NOTA,
Chennai South,1,2399,Bahujan Samaj Party,KOTTUR RKUMAR
Chennai South,2,564872,Dravida Munnetra Kazhagam,TSUMATHY (A) THAMIZHACHI THANGAFANDIAN
Chennai South,3,302649,All India Anna Dravida Munnetra Kazhagam,DrJ JAYAVARDHAN 
Chennai South,4,1491,SOCIALIST UNITY CENTRE OF INDIA (COMMUNIST)," SAIKUMAR,S"
Chennai South,5,670,Republican Party of India,S.SRINIVASAN (A) POWER STAR
Chennai South,6,436,Makkalatchi Katchi,V.THIRUNAVUKARA SU
Chennai South,7,1381,Tamil Nadu Ilangyar Katchi,DrANARESH
Chennai South,8,860,Pyramid Party of India,KMURALI KRISHNAN
Chennai South,9,135465,Makkal Needhi Maiam,RRANGARAJAN
Chennai South,10,512,Indian Christian Front,RJOHNSON
Chennai South,11,6391,Desiya Makkal Sakthi Katchi,MAJAYAKUMAR
Chennai South,12,50222,Naam Tamilar Katchi,AJ SHERINE
Chennai South,13,1444,Independent,AGNI SRIRAMACHANDRAN
Chennai South,14,348,Independent,S.ASHOK
Chennai South,15,5531,Independent,PAZHAGIRI
Chennai South,16,9591,Independent,S.ELANKUMARAN
Chennai South,17,673,Independent,RGANESAN
Chennai South,18,635,Independent,KKANNAN
Chennai South,19,533,Independent,B.KARTHIKEYAN
Chennai South,20,1203,Independent,D.KARTHICK
Chennai South,21,1645,Independent,KSARAVANA PERUMAL
Chennai South,22,743,Independent,I.CHIDAMBARA ANANTHA RAJA (A)
Chennai South,23,647,Independent,SIBI CHAKKARAVARTHY
Chennai South,24,224,Independent,KSUDHAGAR
Chennai South,25,432,Independent,N.SUBRAMANI
Chennai South,26,29522,Independent,Dr.E.SUBAYA (A) ESAKKI SUBAYA
Chennai South,27,350,Independent,E.DHANASEKARAN
Chennai South,28,437,Independent,G DHANASEKARAN
Chennai South,29,462,Independent,G.DEVASAHAYAM
Chennai South,30,313,Independent,KUPPAL.G DEVADOSS
Chennai South,31,293,Independent,S.MANOVA
Chennai South,32,1429,Independent,MURTHYM
Chennai South,33,427,Independent,ARAVICHANDRAN
Chennai South,34,1042,Independent,M.RADHA
Chennai South,35,220,Independent,BRAJI
Chennai South,36,772,Independent,M.RAJESWARI PRIYA
Chennai South,37,498,Independent,CROSI
Chennai South,38,379,Independent,IJJANCI RANI
Chennai South,39,968,Independent,FARMER KJAYARAMAN
Chennai South,40,219,Independent,D.HARI HARAN
Chennai,1,448911,Dravida Munnetra Kazhagam,DAYANIDHI MARAN
Chennai,2,2696,Bahujan Samaj Party,PARTHASARATHYM.
Chennai,3,92249,Makkal Needhi Maiam,KAMEELA NASSER
Chennai,4,5768,Anti Corruption Dynamic Party,KARNAN.C.S.
Chennai,5,308861,Naam Tamilar Katchi,Dr KARTHIKEYAN. R '
Chennai,6,1030,Pyramid Party of India,GEETHALAKSHMI.VR
Chennai,7,1556,Tamil Nadu Ilangyar Katchi,SASIKUMARS.
Chennai,8,147391,Pattali Makkal Katchi,SAM PAUL. SR
Chennai,9,690,Desiya Makkal Sakthi Katchi,SURESH BABU. D.
Chennai,10,645,Anaithu Makkal Katchi,NAJIMUNNISSA
Chennai,11,643,Akila India Vallalar Peravai,VALARMATHI K
Chennai,12,3398,Republican Party of India," IITENDRA KUMAR JAIN,  (A) "
Chennai,13,23741,SOCIAL DEMOCRATIC PARTY OF INDIA,SHEIK MOHAMED DHEHLAN BAQAVI
Chennai,14,322,Independent,RAGHAVAN. M
Chennai,15,504,Independent," RADHAKRISHNAN, V  "
Chennai,16,1229,Independent," Dr, GUNASEKAR N  "
Chennai,17,1770,Independent,KUPPUSAMY. K
Chennai,18,1184,Independent,GOVINDARAJ. L.
Chennai,19,929,Independent,CHANDRANATHAN. S
Chennai,20,1234,Independent,SAMUEL PAUL
Chennai,21,1444,Independent,SAM PAUL
Chennai,22,511,Independent,TAMILARASAN. V.V.
Chennai,23,325,Independent," DINAKARAN, G  "
Chennai,24,360,Independent,NASAR K
Chennai,25,334,Independent,PRABAKARAN. KM.
Chennai,26,377,Independent,PRABHAKARAN. N.
Chennai,27,2161,Independent,PUSHPARAJ J. L
Chennai,28,2351,Independent,MADHANAGOPAL. T
Chennai,29,197,Independent,RAVICHANDRAN M
Chennai,30,497,Independent,RAJ RAMCHAND
Chennai,31,3561,Independent,VAITHIYANATHAN. R
Sriperumbudur,1,6808,Bahujan Samaj Party,Antony
Sriperumbudur,2,793281,Dravida Munnetra Kazhagam,Baalu. TR
Sriperumbudur,3,3599,Tamizhaga Murpokku Makkal Katchi,Godwin shadrach. SR
Sriperumbudur,4,2618,Communist Party of India (Marxist -Leninist) (Liberation) ," Palanivel, K  "
Sriperumbudur,5,84979,Naam Tamilar Katchi," Mahendran, H,  "
Sriperumbudur,6,13746,Anti Corruption Dynamic Party," Rajasekaran, S;  "
Sriperumbudur,7,285326,Pattali Makkal Katchi,Vaithilingam A
Sriperumbudur,8,135525,Makkal Needhi Maiam," Sridhar, M:  "
Sriperumbudur,9,941,Independent," Anantha Raman, RK  "
Sriperumbudur,10,4050,Independent," Ayodhi, I Dr;  "
Sriperumbudur,11,1185,Independent," Indian, PN.K  "
Sriperumbudur,12,804,Independent," Sasikumar, A  "
Sriperumbudur,13,738,Independent," Singa Rajan, S.P  "
Sriperumbudur,14,41497,Independent," Tambaram Narayanan, G  "
Sriperumbudur,15,1371,Independent," Muthumaran, K  "
Sriperumbudur,16,2268,Independent,Raja Marimuthu
Sriperumbudur,17,2018,Independent,Vasanthi S.
Sriperumbudur,18,1800,Independent,Viruthagiri.A
Sriperumbudur,19,885,Independent,Vaithiyalingam. R
Kancheepuram,1,684004,Dravida Munnetra Kazhagam,L Selvam. G
Kancheepuram,2,5018,Bahujan Samaj Party,Sekar. D
Kancheepuram,3,397372,All India Anna Dravida Munnetra Kazhagam,Maragatham. K
Kancheepuram,4,62771,Naam Tamilar Katchi,Sivaranjin.D.
Kancheepuram,5,2272,Independent,Elangovan. M
Kancheepuram,6,1312,Independent,Devarajan C
Kancheepuram,7,2509,Independent,Pon Jeyaraman.
Kancheepuram,8,1640,Independent,Maragadam. M
Kancheepuram,9,55213,Independent,MunusamyA
Kancheepuram,10,2243,Independent,Ramesh. S
Kancheepuram,11,1597,Independent,Vinoth Raj. R
Arakkonam,1,8307,Bahujan Samaj Party,D. DOSS
Arakkonam,2,672190,Dravida Munnetra Kazhagam,S. JAGATHRAKSHAKAN
Arakkonam,3,4498,Ambedkarite Party of India," M, SAVITHA  "
Arakkonam,4,29347,Naam Tamilar Katchi,YR PAVENDHAN
Arakkonam,5,343234,Pattali Makkal Katchi,AK; MOORTHY
Arakkonam,6,23771,Makkal Needhi Maiam," RAJENDRAN, N.  "
Arakkonam,7,862,Independent," R, ELAMVAZHUDHI  "
Arakkonam,8,839,Independent,PANCHU UDAYAKUMAR
Arakkonam,9,925,Independent,B. GANESAN
Arakkonam,10,1322,Independent,M.S. KRISHNAN
Arakkonam,11,1186,Independent,Dr.T.M.S.SADHU MUTHU KRISHNAN ERAJENDRAN
Arakkonam,12,1062,Independent,PS; SURESH
Arakkonam,13,1067,Independent," S, SHETTU  "
Arakkonam,14,1214,Independent,M. NATARAJAN
Arakkonam,15,668261,Independent," N,G, PARTHIBAN  "
Arakkonam,16,3313,Independent," M, PARTHIBAN  "
Arakkonam,17,16161,Independent,G. MOORTHY
Arakkonam,18,3499,Independent,C. MOORTHY
Arakkonam,19,803,Independent," R, RAMESH  "
Krishnagiri,1,611298,Indian National Congress,Dr.ACHELLAKUMAR
Krishnagiri,2,454533,All India Anna Dravida Munnetra Kazhagam,KP MUNUSAMY
Krishnagiri,3,28000,Naam Tamilar Katchi,MADHUSOODHANANN
Krishnagiri,4,16995,Makkal Needhi Maiam,SRI KARUNYA SUBRAHMANYAM
Krishnagiri,5,822,Independent,NASLAM RAHMAN SHERIFF
Krishnagiri,6,688,Independent,AJAZS
Krishnagiri,7,8867,Independent,S.GANESA KUMAR
Krishnagiri,8,934,Independent,TV.S.GANDHI
Krishnagiri,9,1078,Independent,KKUPPAN
Krishnagiri,10,1259,Independent,MKUMARESAN
Krishnagiri,11,53901,Independent,BGOVINDAN
Krishnagiri,12,1522,Independent,DEVAPPA.Y
Krishnagiri,13,1629,Independent,NAGESHL
Krishnagiri,14,2584,Independent,MMEENA
Krishnagiri,15,5945,Independent,N.SRINIVASA
DHARMAPURI,1,6012,Bahujan Samaj Party,SIVANANDHAM. C
DHARMAPURI,2,574988,Dravida Munnetra Kazhagam,. DNV SENTHILKUMAR: S
DHARMAPURI,3,9017,Ganasangam Party of India,ANNADHURAI. K
DHARMAPURI,4,504235,Pattali Makkal Katchi,ANBUMANI RAMADOSS
DHARMAPURI,5,15614,Makkal Needhi Maiam,", RAJASEKAR: D  "
DHARMAPURI,6,19674,Naam Tamilar Katchi,", RUKMANIDEVI: R  "
DHARMAPURI,7,1482,Independent,. ARIVAZHAGAN. P
DHARMAPURI,8,10830,Independent,DR. ELANGO. S
DHARMAPURI,9,1503,Independent,SAKTHIVEL. V
DHARMAPURI,10,1062,Independent,SARAVANAN. S
DHARMAPURI,11,1293,Independent,DURAI S
DHARMAPURI,12,2862,Independent,PADMARAJAN. K. DR.
DHARMAPURI,13,53655,Independent,PALANIAPPAN. P
DHARMAPURI,14,4427,Independent,. MANIVASAGAM. C
DHARMAPURI,15,3172,Independent,VENKATACHALAM: C
Tiruvannamalai,1,666272,Dravida Munnetra Kazhagam,Annadurai; CN
Tiruvannamalai,2,362085,All India Anna Dravida Munnetra Kazhagam,Agri Krishnamurthy S.S 
Tiruvannamalai,3,4124,Bahujan Samaj Party," Babu, B  "
Tiruvannamalai,4,14654,Makkal Needhi Maiam," Arul, R  "
Tiruvannamalai,5,1999,All India Uzhavargal Uzhaippalargal Katchi," Kalasthri, S.  "
Tiruvannamalai,6,27503,Naam Tamilar Katchi," Rameshbabu, R  "
Tiruvannamalai,7,937,Independent,Annadurai TS.
Tiruvannamalai,8,1218,Independent,Annadurai S
Tiruvannamalai,9,848,Independent,Annadurai B
Tiruvannamalai,10,824,Independent,Anbalagan M
Tiruvannamalai,11,728,Independent," Indiramohan, P  "
Tiruvannamalai,12,759,Independent," Udhayakumar, PS  "
Tiruvannamalai,13,851,Independent,Ayyappan W
Tiruvannamalai,14,1855,Independent," Karuna, S  "
Tiruvannamalai,15,1632,Independent," Kaiaimani, S  "
Tiruvannamalai,16,4177,Independent,Krishnamoorthy A
Tiruvannamalai,17,3999,Independent,Krishnamurthi R
Tiruvannamalai,18,1768,Independent," Sivagurural T,  "
Tiruvannamalai,19,38639,Independent,Gnanasekar; A
Tiruvannamalai,20,606,Independent," Padavettan, M  "
Tiruvannamalai,21,506,Independent,Raghunathan K
Tiruvannamalai,22,571,Independent,Rajendiran; T
Tiruvannamalai,23,606,Independent,Vigneshwaran A
Tiruvannamalai,24,623,Independent,VijayanA
Tiruvannamalai,25,638,Independent," Velu, R  "
Arani,1,386954,All India Anna Dravida Munnetra Kazhagam,ELUMALAI V
Arani,2,5678,Bahujan Samaj Party,SIVAPRAKASH K
Arani,3,617760,Indian National Congress,VISHNU PRASAD M K
Arani,4,5317,Tamil Nadu Ilangyar Katchi,SAKTHIVEL K
Arani,5,1972,Anti Corruption Dynamic Party,SUNDAR K
Arani,6,324091,Naam Tamilar Katchi,TAMIZHARASI A
Arani,7,147761,Makkal Needhi Maiam,SHAJI V
Arani,8,9031,Independent,ELUMALAI K
Arani,9,641,Independent,ELUMALAI S
Arani,10,967,Independent,KOTHANDAPANI B
Arani,11,2940,Independent,SENJERAJA K N K
Arani,12,46383,Independent,SENTHAMIZHAN G
Arani,13,4912,Independent,PERUMAL M
Arani,14,3614,Independent,RAMAMURTHY S
Arani,15,1760,Independent,RAMAMURTHY C
VILUPPURAM,1,3943,Bahujan Samaj Party,KALIYAMOORTHY.G
VILUPPURAM,2,559585,Dravida Munnetra Kazhagam,RAVIKUMAR D
VILUPPURAM,3,4739,Tamil Nadu Ilangyar Katchi,ABIRAMI P
VILUPPURAM,4,17891,Makkal Needhi Maiam,ANBIN POYYAMOZHIS
VILUPPURAM,5,24609,Naam Tamilar Katchi,PRAKALATHA D
VILUPPURAM,6,2532,Agila India Makkal Kazhagam,RAJA S
VILUPPURAM,7,431517,Pattali Makkal Katchi,VADIVEL RAVANAN S
VILUPPURAM,8,12781,Independent,ARASAN. K
VILUPPURAM,9,1314,Independent,ANBALAGAN T
VILUPPURAM,10,58019,Independent,GANAPATHY. N
VILUPPURAM,11,995,Independent,KATHIRVEL. M
VILUPPURAM,12,1350,Independent,DESINGU A
VILUPPURAM,13,4322,Independent,RAJASEKARAN M
Kallakurichi,1,721713,Dravida Munnetra Kazhagam,Gautham Sigamani Pon
Kallakurichi,2,48381,Bahujan Samaj Party,Sakthivel S
Kallakurichi,3,321794,Desiya Murpokku Dravida Kazhagam,Sudhish L K
Kallakurichi,4,14587,Makkal Needhi Maiam,Ganesh H
Kallakurichi,5,1108,Vivasayigal Makkal Munnetra Katchi,Chandramohan M
Kallakurichi,6,302461,Naam Tamilar Katchi,Sharfudeen S
Kallakurichi,7,1152,Independent,Kannan S
Kallakurichi,8,1411,Independent,Kumar K R
Kallakurichi,9,50179,Independent,Komugi Maniyan M
Kallakurichi,10,938,Independent,Govindasamy A
Kallakurichi,11,1024,Independent,Sathishkumar A
Kallakurichi,12,1415,Independent,Sathish Kumar G
Kallakurichi,13,3956,Independent,Sathees Kumar R
Kallakurichi,14,8066,Independent,Chandrasekaran V
Kallakurichi,15,1824,Independent,Siva Kumar P
Kallakurichi,16,10045,Independent,Sumathi B
Kallakurichi,17,4426,Independent,Selvam D
Kallakurichi,18,1082,Independent,Nagarajan S
Kallakurichi,19,3182,Independent,Prabhu A
Kallakurichi,20,1299,Independent,Manikandan C
Kallakurichi,21,1130,Independent,Mannan M P
Kallakurichi,22,1151,Independent,Mayilamparai Mari A
Kallakurichi,23,1306,Independent,Ramachandran K
Kallakurichi,24,4927,Independent,Ramadoss R
Salem,1,3543,Bahujan Samaj Party,SADAIYAN M
Salem,2,459376,All India Anna Dravida Munnetra Kazhagam,SARAVANAN K RS
Salem,3,606302,Dravida Munnetra Kazhagam,PARTHIBAN S R
Salem,4,4563,Tamil Nadu Ilangyar Katchi,SILAMBARASAN C
Salem,5,58662,Makkal Needhi Maiam,PRABHU MANIKANDAN M
Salem,6,777,SOCIALIST UNITY CENTRE OF INDIA (COMMUNIST),MOHAN P
Salem,7,33890,Naam Tamilar Katchi,RASA A
Salem,8,1369,Independent,AHAMED SHAHJAHAN M
Salem,9,636,Independent,KALAIMANNAN C
Salem,10,4273,Independent,SIVARAMAN S
Salem,11,1102,Independent,SURULIVEL N K
Salem,12,52332,Independent,SELVAM S K
Salem,13,1148,Independent,TAMILARASAN T
Salem,14,1679,Independent,NATARAJAN C
Salem,15,1461,Independent,PRAVINA G
Salem,16,1991,Independent,MANIMARAN C
Salem,17,773,Independent,MADESWARAN S
Salem,18,1465,Independent,MURTHY KAMARAJAR M
Salem,19,1556,Independent,RAVI A
Salem,20,440,Independent,RAMACHANDRAN KT
Salem,21,450,Independent,RAJA A
Salem,22,541,Independent,HARIHARAN K
Namakkal,1,361142,All India Anna Dravida Munnetra Kazhagam,KALIAPPAN P
Namakkal,2,626293,Dravida Munnetra Kazhagam,CHINRAJ AKP
Namakkal,3,3579,Bahujan Samaj Party,RAMAN V
Namakkal,4,972,AHIMSA SOCIALIST PARTY,RAMESH T
Namakkal,5,644,Desiya Makkal Sakthi Katchi,SENTHILMURUGAN S
Namakkal,6,30947,Makkal Needhi Maiam,THANGAVELU R
Namakkal,7,38531,Naam Tamilar Katchi,BASKAR
Namakkal,8,777,Ulzaipali Makkal Katchi,MANICKAM S
Namakkal,9,1011,Ganasangam Party of India,MUTHUSAMY MP
Namakkal,10,762,Independent,ARUMUGAM V
Namakkal,11,1868,Independent,RAMASAMY N
Namakkal,12,726,Independent,RAMASAMY P
Namakkal,13,1821,Independent,KALIYAPPAN K
Namakkal,14,1177,Independent,KALIAPPAN S
Namakkal,15,2632,Independent,KALIAPPAN P
Namakkal,16,4398,Independent,SAKTHIYVEL NK.S
Namakkal,17,2544,Independent,SAKTHIVEL S
Namakkal,18,2935,Independent,SARAVANAVEL R
Namakkal,19,23347,Independent,SAMINATHAN P
Namakkal,20,341,Independent,SIVARAJEE
Namakkal,21,288,Independent,SELLADURAI S
Namakkal,22,448,Independent,SELVARAJ KR
Namakkal,23,459,Independent,CHO V
Namakkal,24,2362,Independent,NATARAJAN M
Namakkal,25,526,Independent,NALLATHAMBI P
Namakkal,26,587,Independent,PRABHU K
Namakkal,27,683,Independent,RAMESH T.R
Namakkal,28,4857,Independent,VINOTHKUMAR V
Namakkal,29,2044,Independent,VIJAYA KARTHIKEYAN B
Erode,1,563591,Dravida Munnetra Kazhagam,GANESHAMURTHI A
Erode,2,4138,Bahujan Samaj Party,GOPAL M
Erode,3,352973,All India Anna Dravida Munnetra Kazhagam,MANIMARAN G
Erode,4,3379,Ulzaipali Makkal Katchi,KUPPUSAMY P
Erode,5,1603,Ganasangam Party of India,KUPPUSAMY R
Erode,6,47719,Makkal Needhi Maiam,SARAVANAKUMAR A
Erode,7,390101,Naam Tamilar Katchi,SEETHALAKSHMI M K
Erode,8,2080,Independent,ARUNACHALAM A
Erode,9,485,Independent,ANANTHI S
Erode,10,1539,Independent,GANESHAMURTHY A C
Erode,11,1006,Independent,GANESHAMOORTHY M
Erode,12,728,Independent,KATHIRVEL A
Erode,13,1508,Independent,KARTHIKEYAN P
Erode,14,1446,Independent,CHITRA
Erode,15,1278,Independent,SUBRAMANIAN K
Erode,16,258581,Independent,SENTHILKUMAR K C
Erode,17,24551,Independent,DHARMALINGAM S
Erode,18,526,Independent,NATARAJAN A
Erode,19,1167,Independent,PARAMASIVAM N
Erode,20,579,Independent,MANI A
Erode,1,7321,Bahujan Samaj Party,AYYANAR
Erode,2,415357,All India Anna Dravida Munnetra Kazhagam,ANANDAN MSM
Erode,3,508725,Communist Party of India,SUBBARAYAN K
Erode,4,64657,Makkal Needhi Maiam," CHANDIRAKUMAR, VS  "
Erode,5,42189,Naam Tamilar Katchi," JAGANATHAN, P  "
Erode,6,34761,Independent,KATHIRESAN
Erode,7,1520,Independent," KANAGARAJ, P  "
Erode,8,1599,Independent," KUMAR, D  "
Erode,9,1899,Independent,SENTHILVEL A
Erode,10,438161,Independent," SELVAM, SR  "
Erode,11,4481,Independent,RAJKUMAR S
Erode,12,2683,Independent," JAGANATHAN, P  "
Nilgiris,1,4088,Bahujan Samaj Party," Ashok Kumar, R.  "
Nilgiris,2,547832,Dravida Munnetra Kazhagam," Raja, A.  "
Nilgiris,3,342009,All India Anna Dravida Munnetra Kazhagam," Thiyagarajan, M.  "
Nilgiris,4,41169,Makkal Needhi Maiam," Rajenthiran, N.  "
Nilgiris,5,1621,Independent," Arumukam, P  "
Nilgiris,6,40419,Independent," Ramaswamy, M.  "
Nilgiris,7,5229,Independent,Subramani M
Nilgiris,8,2199,Independent," Nagarajan, A  "
Nilgiris,9,4747,Independent," Rajarathinam, M  "
Nilgiris,10,3257,Independent," Raja, K  "
COIMBATORE,1,392007,Bharatiya Janata Party," RADHAKRISHNAN, CP  "
COIMBATORE,2,4314,Bahujan Samaj Party," GOVINDAN, P  "
COIMBATORE,3,571150,Communist Party of India  (MARXIST) ," NATARAJAN, PR "
COIMBATORE,4,60519,Naam Tamilar Katchi,KALYANA SUNDARAM
COIMBATORE,5,145082,Makkal Needhi Maiam,MAHENDRAN. R
COIMBATORE,6,2307,Tamil Nadu Ilangyar Katchi," MANIKANDAN, P  "
COIMBATORE,7,38061,Independent," APPATHURAI, N.R.  "
COIMBATORE,8,2727,Independent,KANAGASABAPATHY G.
COIMBATORE,9,2916,Independent,KRISHNAN. V
COIMBATORE,10,1538,Independent,DHANAPAL. M
COIMBATORE,11,1370,Independent,NATARAJAN. A
COIMBATORE,12,1422,Independent,PUSHPANANTHAM. V
COIMBATORE,13,2633,Independent,RADHAKRISHNAN. U
COIMBATORE,14,1627,Independent,RADHAKRISHNAN. P
POLLACHI,1,3187,Bahujan Samaj Party,GANESA MOORTHY.A
POLLACHI,2,554230,Dravida Munnetra Kazhagam,SHANMUGA SUNDARAM.K
POLLACHI,3,378347,All India Anna Dravida Munnetra Kazhagam,MAHENDRAN.C
POLLACHI,4,31483,Naam Tamilar Katchi,SANUJAU
POLLACHI,5,59693,Makkal Needhi Maiam,MOOKAMBIKAR
POLLACHI,6,908,Independent,ANSARI S
POLLACHI,7,714,Independent,SHANMUGA  SUNDARAM KN:
POLLACHI,8,1273,Independent,SHANMUGA SUNDARAM
POLLACHI,9,806,Independent,BALAJI.G.
POLLACHI,10,534,Independent,MANICKAVELC
POLLACHI,11,943,Independent,MUTHUKUMAR.C
POLLACHI,12,26663,Independent,MUTHUKUMAR.S
POLLACHI,13,2737,Independent,RAMASAMY.K
POLLACHI,14,5247,Independent,RAJENDHIRANR.G
Dindigul,1,5743,Bahujan Samaj Party,ARASUR MANOHARAN (a) MANOHARAN S
Dindigul,2,746523,Dravida Munnetra Kazhagam," VELUSAMY, P  "
Dindigul,3,38784,Makkal Needhi Maiam,SUTHAKARA S Dr.
Dindigul,4,2208,Ulzaipali Makkal Katchi," SURESH, K  "
Dindigul,5,54957,Naam Tamilar Katchi," MANSOORALI KHAN, A  "
Dindigul,6,207551,Pattali Makkal Katchi," JOTHIMUTHU, K  "
Dindigul,7,1804,Independent," ARUN KUMAR, A  "
Dindigul,8,1324,Independent," ANBUROSE, D.  "
Dindigul,9,3022,Independent," ANANTHRAJ , T.  "
Dindigul,10,1064,Independent," IRUDAYASAMY, G  "
Dindigul,11,2764,Independent," ESWARAN , R.  "
Dindigul,12,1181,Independent," UDAYAKUMAR, A  "
Dindigul,13,853,Independent," SHANMUGA PRABU, K  "
Dindigul,14,1418,Independent," DINESHKUMAR, M.  "
Dindigul,15,3291,Independent," NAGARAJ, M  "
Dindigul,16,3111,Independent," PANDI, M  "
Dindigul,17,1516,Independent," MURUGESAN,  S.P  "
Dindigul,18,3903,Independent," VETRIVEL, N.  "
Dindigul,19,1126,Independent," VEMBARASAN, V  "
Dindigul,20,851,Independent," VELUSAMY, P  "
Dindigul,21,62875,Independent," JOTHI MURUGAN, P  "
Karur,1,3059,Bahujan Samaj Party,AadhiKrishnan P
Karur,2,275151,All India Anna Dravida Munnetra Kazhagam,Thambidurai M
Karur,3,695697,Indian National Congress,Jothimani S
Karur,4,385431,Naam Tamilar Katchi,Karuppaiya R
Karur,5,1264,Tamil Nadu Ilangyar Katchi,Noyyal Ramasamy M
Karur,6,414,Anaithu Makkal Puratchi Katchi,Manoharan M
Karur,7,717,Ulzaipali Makkal Katchi,Ramamoorthy R
Karur,8,3981,Desiya Makkal Sakthi Katchi,IJoseph M A
Karur,9,969,Desiya Uzhavar Uzhaipalar Kazhagam,Jothikumar J
Karur,10,15967,Makkal Needhi Maiam,Hariharan Dr R
Karur,11,666,Independent,Anbazhagan T
Karur,12,1145,Independent,Anbukani S
Karur,13,824,Independent,Ulaganathan T
Karur,14,1950,Independent,Ebeneezer S
Karur,15,1300,Independent,Kanagaraj RT
Karur,16,2175,Independent,Karthi P
Karur,17,2296,Independent,Karthikeyan B K
Karur,18,1585,Independent,Karthikeyan M
Karur,19,1526,Independent,Sathishkumar S
Karur,20,860,Indian New Congress Party,Saraswathi K
Karur,21,378,Independent,Sivakumar V
Karur,22,697,Independent,Selvaraj K
Karur,23,31139,Independent,Thangavel P S N
Karur,24,813,Independent,Dasaprakash K
Karur,25,397,Independent,Nagajothi N
Karur,26,549,Independent,Palanivel P
Karur,27,313,Independent,Babu G
Karur,28,296,Independent,Pitchaimuthu T
Karur,29,506,Independent,Prakash N  RR
Karur,30,1129,Independent,Prabakaran T
Karur,31,887,Independent,Pushpahenryraj S
Karur,32,2867,Independent,Mahamuni A
Karur,33,720,Independent,Magudeeswaran K
Karur,34,920,Independent,Muthu K RP
Karur,35,1045,Independent,Muthukumar G  B R
Karur,36,512,Independent,Ravi S P
Karur,37,1466,Independent,Ramachandran M
Karur,38,397,Independent,Rajalingam M
Karur,39,270,Independent,Rajesh Kannan K
Karur,40,639,Independent,Varadan M
Karur,41,700,Independent,Vigneshwaran P
Karur,42,416,Independent,Vinothkumar N
Tiruchirappalli,1,61999,Desiya Murpokku Dravida Kazhagam,DR ElangovanV 
Tiruchirappalli,2,621285,Indian National Congress,Thirunavukkarasar SU
Tiruchirappalli,3,3961,Bahujan Samaj Party,Balamurugan S
Tiruchirappalli,4,2685,Communist Party of India  (Marxist - Leninist) (Liberation),AsaithambiP 
Tiruchirappalli,5,42134,Makkal Needhi Maiam,Anandharaja V
Tiruchirappalli,6,1303,Indian Christian Front,Easudoss S
Tiruchirappalli,7,1324,Tamil Nadu Ilangyar Katchi,Ganesan P
Tiruchirappalli,8,2368,Desiya Uzhavar Uzhaipalar Kazhagam,Nachis
Tiruchirappalli,9,65286,Naam Tamilar Katchi,VinothV
Tiruchirappalli,10,4892,Independent,Arunachalam A
Tiruchirappalli,11,1223,Independent,GaneshR
Tiruchirappalli,12,1218,Independent,Karuppaiah C
Tiruchirappalli,13,731,Independent,Kamaraj K
Tiruchirappalli,14,2136,Independent,Karthik KM
Tiruchirappalli,15,2532,Independent,Gopalakrishnan V
Tiruchirappalli,16,3376,Independent,Shadhik Batcha A
Tiruchirappalli,17,100818,Independent,Sarubala R Thondaiman
Tiruchirappalli,18,3451,Independent,SundrarajanP
Tiruchirappalli,19,2241,Independent,Chellaperumal:
Tiruchirappalli,20,3869,Independent,ThirunavukarasuS
Tiruchirappalli,21,876,Independent,Durai Benjamin
Tiruchirappalli,22,1604,Independent,Pushparaj K
Tiruchirappalli,23,1354,Independent,Vijayakumar P
Tiruchirappalli,24,1159,Independent,Jayaram Metha S
Perambalur,1,280179,All India Anna Dravida Munnetra Kazhagam," Sivapathy, N.R  "
Perambalur,2,683697,Dravida Munnetra Kazhagam," Dr.Paarivendhar,T.R  "
Perambalur,3,4586,Bahujan Samaj Party," Muthulakshmi, R  "
Perambalur,4,53545,Naam Tamilar Katchi," Shanthi, K  "
Perambalur,5,1147,Ulzaipali Makkal Katchi," Senthilvel, A.  "
Perambalur,6,960,Ezhuchi Tamilargal Munnetra Kazahagam,Rajasekaran. M
Perambalur,7,1617,Tamil Nadu Ilangyar Katchi,Vinoth Kumar S
Perambalur,8,962,Independent," Annadurai,V   "
Perambalur,9,878,Independent," Anandraj, B.  "
Perambalur,10,45591,Independent," Rajasekaran, M  "
Perambalur,11,983,Independent," Uthamaselvan, N:  "
Perambalur,12,839,Independent," Karuppaiya, M  "
Perambalur,13,885,Independent," Sababathi, S,  "
Perambalur,14,1385,Independent," Suresh, K.  "
Perambalur,15,3336,Independent," Patchamuthu, P  "
Perambalur,16,4313,Independent," Murugan, P  "
Perambalur,17,2455,Independent," Rajasekaran, T.  "
Perambalur,18,3171,Independent," Vincent Melbone, J  "
Perambalur,19,913,Independent," Javeed Hussain, T  "
Cuddalore,1,522160,Dravida Munnetra Kazhagam,TR V.S. RAMESH
Cuddalore,2,2827,Bahujan Samaj Party,C.JEYAPRAKASH
Cuddalore,3,23713,Makkal Needhi Maiam,V. ANNAMALAI
Cuddalore,4,7540,Anti Corruption Dynamic Party,KUPPUSAMY
Cuddalore,5,378177,Pattali Makkal Katchi,Dr. R GOVINDASAMY
Cuddalore,6,34692,Naam Tamilar Katchi,R CHITHRA
Cuddalore,7,2587,Tamil Nadu Ilangyar Katchi,CHELLADURAI
Cuddalore,8,459,Agila India Makkal Kazhagam,M PAVADAI RAJA
Cuddalore,9,6381,Purvanchal Janta Party (Secular),A. MANIKANDAN
Cuddalore,10,748,Ilantamilar Munnani Kazhagam,M. RAGHUNATHAN
Cuddalore,11,920,Independent,S. RAJAMOHAN
Cuddalore,12,1943,Independent,K RAMAN
Cuddalore,13,2860,Independent,D. SANKAR
Cuddalore,14,1671,Independent,M. SATHIYASEELAN
Cuddalore,15,1277,Independent,D. SENTHAMARAI KANNAN
Cuddalore,16,44892,Independent,K THANGAVEL
Cuddalore,17,3296,Independent,S. DHANASEKARAN
Cuddalore,18,635,Independent," A, MARIMUTHU  "
Cuddalore,19,1518,Independent,MOOVANDHAN
Cuddalore,20,574,Independent,A. JAYAMANI
Cuddalore,21,1350,Independent,K HEMANTH KUMAR
Chidambaram,1,497010,All India Anna Dravida Munnetra Kazhagam,CHANDRASEKAR P
Chidambaram,2,4675,Anaithu Makkal Puratchi Katchi,KRISHNARAJ M
Chidambaram,3,37471,Naam Tamilar Katchi,SIVAJOTHI M
Chidambaram,4,500229,Viduthalai Chiruthaigal Katchi,THIRUMAAVALAVAN THOL
Chidambaram,5,4100,Desiya Makkal Sakthi Katchi,PARVATHI S
Chidambaram,6,15334,Makkal Needhi Maiam,RAVI T
Chidambaram,7,62308,Independent,ELAVARASAN A
Chidambaram,8,2155,Independent,KALAIYARASAN R
Chidambaram,9,1200,Independent,KITTU T
Chidambaram,10,17061,Independent,KRISHNAKUMARI A
Chidambaram,11,7012,Independent,GURUSAMY P
Chidambaram,12,1464,Independent,PERIYASAMY T
Chidambaram,13,2993,Independent,IJAGATHEESAN M
Mayiladuthurai,1,337978,All India Anna Dravida Munnetra Kazhagam,ASAIMANI. S
Mayiladuthurai,2,599292,Dravida Munnetra Kazhagam,RAMALINGAM S
Mayiladuthurai,3,3183,Bahujan Samaj Party," KALYANASUNDARAM, N  "
Mayiladuthurai,4,41056,Naam Tamilar Katchi," SUBHASHINI. K,  "
Mayiladuthurai,5,17005,Makkal Needhi Maiam,REFAYUDEEN. M.
Mayiladuthurai,6,892,All Pensioners' Party," HABEEB MOHAMED. U,  "
Mayiladuthurai,7,325,Independent,"ANNADURAI, K  "
Mayiladuthurai,8,371,Independent,ABDUL BASEETH
Mayiladuthurai,9,611,Independent," ARAVAAZHI, K  "
Mayiladuthurai,10,465,Independent,KANNAPIRAN. M
Mayiladuthurai,11,433,Independent,KANNANR
Mayiladuthurai,12,906,Independent," KRITHIVASAN , S  "
Mayiladuthurai,13,728,Independent,SHANMUGAM; M
Mayiladuthurai,14,603,Independent," SAMIDURAI, E  "
Mayiladuthurai,15,2158,Independent," SRINIVASAN, V  "
Mayiladuthurai,16,2473,Independent,SUGUMARAN. K
Mayiladuthurai,17,3192,Independent,SUBRAMANIAN. P
Mayiladuthurai,18,69030,Independent,SENTHAMIZHAN S
Mayiladuthurai,19,1101,Independent,THIRUGNANASAMBANDAM D
Mayiladuthurai,20,478,Independent,THIRUNAVUKKARASU. R
Mayiladuthurai,21,1029,Independent,KAPPUR DHAKSHINAMOORTHY M
Mayiladuthurai,22,1303,Independent,DEVADOS: P
Mayiladuthurai,23,1337,Independent,RAJASEKAR .A
Mayiladuthurai,24,263,Independent," RAJA, N  "
Mayiladuthurai,25,415,Independent," RAJESH, P  "
Mayiladuthurai,26,777,Independent,VANIDHAS M
Mayiladuthurai,27,1608,Independent," VILVANATHAN , M  "
Nagapattinam,1,5412,Bahujan Samaj Party," ANITHA, V.  "
Nagapattinam,2,311539,All India Anna Dravida Munnetra Kazhagam,". SARAVANAN, M  "
Nagapattinam,3,522892,Communist Party of India,". SELVARAJ, M:  "
Nagapattinam,4,2906,MAKKAL SANANAYAGA KUDIYARASU KATCHI," AMBIKAPATHI, D.  "
Nagapattinam,5,14503,Makkal Needhi Maiam," GURUVIAH, K  "
Nagapattinam,6,51448,Naam Tamilar Katchi," MALATHI, P  "
Nagapattinam,7,895,Anti Corruption Dynamic Party," VEDARETHINAM, G.  "
Nagapattinam,8,1178,Tamil Nadu Ilangyar Katchi,JAYALAKSHMI
Nagapattinam,9,1686,Independent," SAMPATH, R  "
Nagapattinam,10,2101,Independent,". SAMBATHKUMAR, A  "
Nagapattinam,11,1268,Independent," SIVAKUMAR, P  "
Nagapattinam,12,70307,Independent," SENGODI, T  "
Nagapattinam,13,1090,Independent," SOUNDARARAJAN, M:  "
Nagapattinam,14,3118,Independent," PREM, S.  "
Nagapattinam,15,2402,Independent," JAGADEESH, J.  "
Thanjavur,1,588978,Dravida Munnetra Kazhagam,PALANIMANICKAM S.S.
Thanjavur,2,5856,Bahujan Samaj Party,STALIN R
Thanjavur,3,57924,Naam Tamilar Katchi,KRISHNAKUMAR N
Thanjavur,4,23477,Makkal Needhi Maiam,SAMPATH RAMADOSS
Thanjavur,5,220849,TAMIL MAANILA CONGRESS (MOOPANAR),NATARAJAN NR  
Thanjavur,6,2041,Desiya Makkal Sakthi Katchi,PANASAIARANGAN KNJ
Thanjavur,7,1244,Independent,ABDULBUHARI K
Thanjavur,8,2643,Independent,SAMANTHA KS
Thanjavur,9,28274,Independent,SELVARAJ R
Thanjavur,10,4509,Independent,MUTHUVEL S
Thanjavur,11,102871,Independent,MURUGESAN P
Thanjavur,12,5452,Independent,VIJAYAKUMAR T.
Thanjavur,13,15105,NOTA,NONE OF THE ABOVE
Sivaganga,1,566104,Indian National Congress,KARTI P CHIDAMBARAM
Sivaganga,2,5079,Bahujan Samaj Party,SARAVANAN.K
Sivaganga,3,233860,Bharatiya Janata Party,HRAJA
Sivaganga,4,72240,Naam Tamilar Katchi,V.SAKTHI PRIYA
Sivaganga,5,22931,Makkal Needhi Maiam,KAVINGNAR SNEKAN
Sivaganga,6,1283,Agila India Makkal Kazhagam,ARIMALAM THIAGI.SUBRAMANIAN MUTHURAJA
Sivaganga,7,1231,Tamil Nadu Ilangyar Katchi,MPRABHAKARAN
Sivaganga,8,2553,Ezhuchi Tamilargal Munnetra Kazhagam,"A,VELLADURAI"
Sivaganga,9,1191,Independent,AANTONY SESU RAJA
Sivaganga,10,1789,Independent,LKASINATHAN
Sivaganga,11,1422,Independent,N.KARTHICK
Sivaganga,12,2097,Independent,C.SARAVANAN
Sivaganga,13,3976,Independent,SINGADURAI.R
Sivaganga,14,1261,Independent,C.CHIDAMBARAM
Sivaganga,15,1248,Independent,MCHINNAIAH
Sivaganga,16,3453,Independent,SENTHAMILSELVI R
Sivaganga,17,4690,Independent,SENTHIL KUMARC
Sivaganga,18,3952,Independent,KCHELLAKKANNU
Sivaganga,19,2485,Independent,P.SELVARAJ
Sivaganga,20,1284,Independent,RNATARAJAN
Sivaganga,21,122534,Independent,V.PANDI
Sivaganga,22,1441,Independent,MMOHAMMED RABEEK
Sivaganga,23,905,Independent,ARADHA KRISHNAN
Sivaganga,24,2140,Independent,MRAJASEKAR
Sivaganga,25,2869,Independent,MRAJA
Madurai,1,2659,Bahujan Samaj Party,Dhavamani; A
Madurai,2,307680,All India Anna Dravida Munnetra Kazhagam," Raj Satyen; VV,R "
Madurai,3,447075,Communist Party of India (Marxist),Venkatesan; S  
Madurai,4,2644,Desiya Makkal Sakthi Katchi,Alagar.P
Madurai,5,85048,Makkal Needhi Maiam,", AlagarM  "
Madurai,6,42901,Naam Tamilar Katchi,", Pandiammal  "
Madurai,7,955,TamilNadu Ilangyar Katchi,Mayalagan: N
Madurai,8,716,Independent,", Annadurai; P  "
Madurai,9,918,Independent," Ramasamy, T  "
Madurai,10,551,Independent,Gopalakrishnan; S
Madurai,11,1916,Independent,Gopalakrishnan: M
Madurai,12,855,Independent,. Shanmugham; V
Madurai,13,85747,Independent,David Annadurai. K
Madurai,14,1843,Independent,", Dharmar. P  "
Madurai,15,1000,Independent,. Naga JothiK
Madurai,16,2272,Independent,", Pasumpon Pandian; S  "
Madurai,17,937,Independent," Balachandran, T  "
Madurai,18,2621,Independent,". Palpandi, M  "
Madurai,19,1504,Independent,Britto Jai Singh: M
Madurai,20,920,Independent,Boominathan; K
Madurai,21,790,Independent,Boomi Rajan: K
Madurai,22,612,Independent,". Muthukumar, T  "
Madurai,23,1359,Independent,", Mohan N  "
Madurai,24,707,Independent,Ramesh. K.K.
Madurai,25,1773,Independent,Venkatesan: M
Madurai,26,693,Independent,", Venkateswaran: S  "
Madurai,27,3143,Independent,Shobana. S
THENI,1,3770,Bahujan Samaj Party," Arumugam, S  "
THENI,2,428120,Indian National Congress," Elangovan, E.V.K.S.  "
THENI,3,504813,Dravida Munnetra Kazhagam,Raveendranath Kumar; P AlI India Anna
THENI,4,4044,Samajwadi Forward Bloc," Allikkodi, P.  "
THENI,5,27864,Naam Tamilar Katchi,Shagul Hameed
THENI,6,2597,SOCIALIST UNITY CENTRE OF INDIA (COMMUNIST)," Chinnasathiyamoorthy, T."
THENI,7,16879,Makkal Needhi Maiam," Radhakrishnan, S.  "
THENI,8,779,Ulzaipali Makkal Katchi," Ramaraj, G.  "
THENI,9,3217,Independent,Alexpandian; S.
THENI,10,5258,Independent,Annakili
THENI,11,1043,Independent,Ravichandran; K
THENI,12,803,Independent,Eswaran
THENI,13,724,Independent,Gunasingh
THENI,14,1602,Independent,Kumaragurubaran P.
THENI,15,1815,Independent,Kesavaraja; J.
THENI,16,4198,Independent,Silambarasan
THENI,17,1908,Independent," Sivamuniyandi, A  "
THENI,18,2172,Independent,Senthilkumar; J.
THENI,19,144050,Independent,Thanga Tamilselvan
THENI,20,1813,Independent," Parthipan, G.  "
THENI,21,839,Independent," Prakash, P  "
THENI,22,353,Independent," Manimurugan; C,  "
THENI,23,291,Independent," Ramachandran, K  "
THENI,24,273,Independent," Ramamurthi, S.  "
THENI,25,274,Independent,Rajasekaran; V.
THENI,26,614,Independent," Rajarishigurudev, S.  "
THENI,27,290,Independent,Rajkumar; P.
THENI,28,926,Independent," Velmurugan, S.P.  "
THENI,29,1022,Independent," Vaiyathurai, A  "
THENI,30,452,Independent," Jeyamani, K  "
Virudhunagar,1,470883,Indian National Congress," Manickam Tagore,B  "
Virudhunagar,2,316329,Desiya Murpokku Dravida Kazhagam," Alagarsamy, R  "
Virudhunagar,3,107615,Independent," Paramasiva Iyyappan, S  "
Virudhunagar,4,57129,Makkal Needhi Maiam," Muniyasamy V,  "
Virudhunagar,5,53040,Naam Tamilar Katchi," Arulmozhithevan, K,  "
Virudhunagar,6,5666,Independent," Sabari Ponraj, B  "
Virudhunagar,1,4199,Independent,Govindan; A.
Virudhunagar,8,3770,Bahujan Samaj Party,Perumalsamy M
Virudhunagar,9,3740,Independent,AlagarsamyN
Virudhunagar,10,3705,Independent," Sankaranarayanan, N  "
Virudhunagar,11,3118,Independent," Dr. Dhanushkodi, M  "
Virudhunagar,12,2764,ALL INDIA PURATCHI THALAIVAR MAKKAL MUNNETRA KAZHAGAM," Sakkaravarthy , P  "
Virudhunagar,13,2717,Independent," Senthilkumar, S,  "
Virudhunagar,14,2487,Independent," Kalyanasundaram, A  "
Virudhunagar,15,2436,Independent," Sugan Rajeev, M  "
Virudhunagar,16,2311,Independent," Vallinayagam, N.  "
Virudhunagar,17,1969,Ezhuchi Tamilargal Munnetra Kazhagam," Manikandan, R  "
Virudhunagar,18,1814,Independent," Balachandar, N,  "
Virudhunagar,19,1765,AHILA INDIA DHAYAGA MAKKAL MUNNETRA KATCHI," Kavitha, A  "
Virudhunagar,20,1624,Independent," Ganeshkumar, S,  "
Virudhunagar,21,1545,TamilNadu Ilangyar Katchi," Packiaraj, E  "
Virudhunagar,22,1502,Independent," Advocate Thangapandian,  "
Virudhunagar,23,1065,Independent," Palanichamy Kudumbar, P  "
Virudhunagar,24,937,Independent," Elango, S,  "
Virudhunagar,25,853,Independent,Thiagarajan Yoga
Virudhunagar,26,846,Independent," Selvakumar, M  "
Virudhunagar,27,825,Independent," Backiyaraj, K,  "
Virudhunagar,28,789,Independent," Umayorubagam, M,  "
Ramanathapuram,1,342821,Bharatiya Janata Party,NAINAR NAGENTHRAN
Ramanathapuram,2,3681,Bahujan Samaj Party,K PANCHATCHARAM
Ramanathapuram,3,2883,Purvanchal Janta Party (Secular)," G, KESAV YADAV"
Ramanathapuram,4,469943,Indian Union Muslim League,K NAVASKANI
Ramanathapuram,5,46385,Naam Tamilar Katchi,T. BHUVANESWARI
Ramanathapuram,6,1877,Samajwadi Party Pragatishil  (Lohia),P. LOGANATHAN 
Ramanathapuram,7,14925,Makkal Needhi Maiam,VIJAYA BASKAR
Ramanathapuram,8,1443,Independent,ASAN ALI; A
Ramanathapuram,9,8831,Independent,ALLA PICHAI
Ramanathapuram,10,1460,Independent,ANANDARAJ M
Ramanathapuram,11,4721,Independent,C. ANANTH
Ramanathapuram,12,141806,Independent," V.DN, ANANDH. B.E,,  "
Ramanathapuram,13,1789,Independent,N. KATHIRAVAN
Ramanathapuram,14,2283,Independent,KARUPPASAMY. N
Ramanathapuram,15,980,Independent," B, KRISHNARAJA  "
Ramanathapuram,16,45961,Independent,K KURUNTHAPPAN
Ramanathapuram,17,4199,Independent,DEVA SITHAM.
Ramanathapuram,18,1798,Independent,PRABHAKARAN. S
Ramanathapuram,19,1460,Independent,S. MOHAMED ALI JINNAH
Ramanathapuram,20,3550,Independent,RAJANIKANTH AGAMUDAIYAR _
Ramanathapuram,21,1367,Independent,V. VINAYAGAMOORTHY
Ramanathapuram,22,2296,Independent,JAWAHIRALI H
Ramanathapuram,23,14051,Independent,EYAPANDIAN. R
Thoothukkudi,1,563143,Dravida Munnetra Kazhagam,KANIMOZHI KARUNANIDHI
Thoothukkudi,2,2927,Bahujan Samaj Party," SIVA, V.  "
Thoothukkudi,3,215934,Bharatiya Janata Party,DR. TAMILISAI SOUNDARARAJAN
Thoothukkudi,4,2549,People's Party of India (SECULAR),GABRIEL JAMES FERNANDO
Thoothukkudi,5,49222,Naam Tamilar Katchi," CHRISTANTINE RAJASEKAR, S  "
Thoothukkudi,6,25702,Makkal Needhi Maiam," PON KUMARAN, TP.S.  "
Thoothukkudi,7,2922,Samajwadi Party Pragatishil  (Lohia)," MAHARAJAN, M  "
Thoothukkudi,8,25161,Tamil Telugu National Party," RAJAKUMAR NAIDU, E.V.S  "
Thoothukkudi,9,689,Universal Brotherhood Movement,RAJKUMAR POLIAH
Thoothukkudi,10,908,Naam Indiar Party," JAYA GANESH, D  "
Thoothukkudi,11,494,Christian Democratic Front," GERMANUS, S  "
Thoothukkudi,12,924,Independent," ANTO HILLERY, M  "
Thoothukkudi,13,2005,Independent,AMALAN RAJIV BONIFAS
Thoothukkudi,14,1453,Independent," GANESAN, M:  "
Thoothukkudi,15,22761,Independent," GURU, K  "
Thoothukkudi,16,3029,Independent," SANKARALINGAM, M:  "
Thoothukkudi,17,2135,Independent," SARAVANAN, G.  "
Thoothukkudi,18,615,Independent," SUNMAN, V  "
Thoothukkudi,19,5252,Independent," SIVANESWARAN, J.  "
Thoothukkudi,20,8109,Independent," SUBHASHINI MALLATHI, RC:  "
Thoothukkudi,21,929,Independent," SELVIN, B.  "
Thoothukkudi,22,474,Independent," SENAI NATARAJAN, R  "
Thoothukkudi,23,1699,Independent," BALA MURUGAN, P  "
Thoothukkudi,24,887,Independent," Er.PRADEEP GANESAN, M.P  "
Thoothukkudi,25,76866,Independent," Dr, BHUVANESWARAN, M  "
Thoothukkudi,26,560,Independent," PONRAJ, S  "
Thoothukkudi,27,436,Independent," PONNUSAMY, M,  "
Thoothukkudi,28,428,Independent," MARAKATHA RAGHAVA RAJ, T:  "
Thoothukkudi,29,6691,Independent," RAMESH, A  "
Thoothukkudi,30,487,Independent," RAVI SANKAR, J  "
Thoothukkudi,31,4731,Independent," RAMA KRISHNAN, M,  "
Thoothukkudi,32,1671,Independent," RAMAKRISHNAN, P  "
Thoothukkudi,33,1866,Independent," RAJALINGAM, M  "
Thoothukkudi,34,4601,Independent," LOURDES, S.  "
Thoothukkudi,35,477,Independent," JEYARAJ, A  "
Thoothukkudi,36,407,Independent," JAMES, G.  "
Thoothukkudi,37,4361,Independent," JASPER GNANA MARTIN , G.  "
Tenkasi,1,355870,All India Anna Dravida Munnetra Kazhagam,Dr KRISHNASAMYK
Tenkasi,2,476156,Dravida Munnetra Kazhagam,DHANUSHM.KUMAR
Tenkasi,3,59445,Naam Tamilar Katchi,MATHIVANAN.S.S
Tenkasi,4,24023,Makkal Needhi Maiam," MUNESHWARAN, K  "
Tenkasi,5,1194,Anti Corruption Dynamic Party,RAVI; K
Tenkasi,6,1947,Independent,SIVAJAYAPRAKASHS
Tenkasi,7,1490,Independent,SUNDARAMN
Tenkasi,8,808,Independent,SUBBIAH. S
Tenkasi,9,3002,Independent,SURIYARAGUPATHI. T
Tenkasi,10,2230,Independent,SELVAKUMAR M
Tenkasi,11,727,Independent,THANGARAJ. C
Tenkasi,12,1245,Independent,DHANUSKODI.P
Tenkasi,13,1473,Independent," THAMARAI SELVAM, Kl  "
Tenkasi,14,1965,Independent,DEEPAN ARUNA
Tenkasi,15,2950,Independent,PALANI SAMY.S
Tenkasi,16,4226,Independent,BHARATHARAJ S
Tenkasi,17,4334,Independent,PERUMALSAMY. S
Tenkasi,18,33061,Independent,PONNUSAMY.R
Tenkasi,19,2427,Independent,PONNUTHAI.G
Tenkasi,20,92116,Independent," PONNUTHAI, S  "
Tenkasi,21,1129,Independent,PONNUTHAI. M
Tenkasi,22,4733,Independent,PONNUTHAI.M
Tenkasi,23,1734,Independent,MUTHUMURUGAN. M
Tenkasi,24,1985,Independent,MOORTHY. D
Tenkasi,25,9981,Independent,VAIRAVAN. P
Tirunelveli,1,3462,Bahujan Samaj Party,ESSAKKIAMMAL E
Tirunelveli,2,522623,Dravida Munnetra Kazhagam,GNANATHIRAVIAM S
Tirunelveli,3,337166,All India Anna Dravida Munnetra Kazhagam,PAUL MANOJ PANDIAN
Tirunelveli,4,49898,Naam Tamilar Katchi,SATHYA B
Tirunelveli,5,1251,Jammu & Kashmir National Panthers Party,SIVASANKAR S
Tirunelveli,6,1244,United States of India Party,SELVAGANESAN R
Tirunelveli,7,1688,Naam Indiar Party,RAMAKRISHNAN N
Tirunelveli,8,231001,Makkal Needhi Maiam,VENNIMALAI M
Tirunelveli,9,8961,Independent,INDURANI S
Tirunelveli,10,479,Independent,KAMALA KANNAN
Tirunelveli,11,779,Independent,SELVA PRAKASH R
Tirunelveli,12,879,Independent,BAGAVATHIKESAN T
Tirunelveli,13,1407,Independent,PAUL SOLOMON PANDIAN
Tirunelveli,14,39401,Independent,MAHARAJAN A
Tirunelveli,15,5137,Independent,MAHARAJAN V
Tirunelveli,16,1958,Independent,MANIKANDAN
Tirunelveli,17,1084,Independent,MANIKANDAN P
Tirunelveli,18,2095,Independent,MANOHARAN P
Tirunelveli,19,3430,Independent,MURUGESAN S
Tirunelveli,20,62209,Independent,MICHAEL RAYAPPAN S
Tirunelveli,21,630,Independent,MOHANRAJ A
Tirunelveli,22,529,Independent,RAMASWAMY S
Tirunelveli,23,5861,Independent,RAMAMOORTHI B
Tirunelveli,24,628,Independent,RAJIV VICTOR
Tirunelveli,25,771,Independent,RAJKUMAR A
Tirunelveli,26,934,Independent,RATHINASIGAMANI M
Kanniyakumari,1,367302,Bharatiya Janata Party,Radhakrishnan. P
Kanniyakumari,2,1989,Bahujan Samaj Party,Balasubramanian E
Kanniyakumari,3,627235,Indian National Congress,Vasanthakumar H
Kanniyakumari,4,8590,Makkal Needhi Maiam,Ebenezer. J
Kanniyakumari,5,820,The Future India Party,Subi T
Kanniyakumari,6,778,Communist Party of India   (Marxist-Leninist) Red Star,Paulraj. CM.
Kanniyakumari,7,596,Democratic Corruption Liberation Front,Jackson. MS.
Kanniyakumari,8,17069,Naam Tamilar Katchi,Jainteen
Kanniyakumari,9,520,Independent,Esakkimuthu N
Kanniyakumari,10,410,Independent,Enose. M
Kanniyakumari,11,864,Independent,Santhakumar N
Kanniyakumari,12,493,Independent,Nagoor Meeran Peer Mohamed U
Kanniyakumari,13,814,Independent,Peachi Muthu. E
Kanniyakumari,14,2421,Independent,Ravi Kumar T
Kanniyakumari,15,12345,Independent,Lekshmanan. E
